system,phase,case_name,gpu_count,repetition,status,simulation_ms,compute_ms,communication_ms,throughput_circuit_s,speedup,parallel_efficiency,p2p_bytes,host_staged_bytes,checksum,artifact_path
atlas,smoke,sc26_jch_nq3_nm2_c4,1,0,ok,57.2686,0.465152,0,,,,0,,1,experiments/results/distributed_8xH800/phase-a-v2/atlas/smoke/g1/sc26_jch_nq3_nm2_c4/r0/result.json
atlas,smoke,sc26_jch_nq4_nm2_c8,1,0,ok,135.127,1.80189,0,,,,0,,1,experiments/results/distributed_8xH800/phase-a-v2/atlas/smoke/g1/sc26_jch_nq4_nm2_c8/r0/result.json
atlas,smoke,sc26_qaoa_nm1_c4,1,0,ok,155.003,1.7321,0,,,,0,,1,experiments/results/distributed_8xH800/phase-a-v2/atlas/smoke/g1/sc26_qaoa_nm1_c4/r0/result.json
atlas,smoke,sc26_qaoa_nm2_c8,1,0,ok,150.513,0.90352,0,,,,0,,1,experiments/results/distributed_8xH800/phase-a-v2/atlas/smoke/g1/sc26_qaoa_nm2_c8/r0/result.json
atlas,smoke,sc26_qft_nq3_c4,1,0,ok,47.6607,0.694976,0,,,,0,,1.0606601717798207,experiments/results/distributed_8xH800/phase-a-v2/atlas/smoke/g1/sc26_qft_nq3_c4/r0/result.json
atlas,smoke,sc26_qft_nq5_c8,1,0,ok,109.615,0.863648,0,,,,0,,0.3749999999999997,experiments/results/distributed_8xH800/phase-a-v2/atlas/smoke/g1/sc26_qft_nq5_c8/r0/result.json
atlas,smoke,sc26_transfer_CVtoDV_nq2_c4,1,0,ok,61.4459,1.07936,0,,,,0,,1.4999999999999996,experiments/results/distributed_8xH800/phase-a-v2/atlas/smoke/g1/sc26_transfer_CVtoDV_nq2_c4/r0/result.json
atlas,smoke,sc26_transfer_CVtoDV_nq4_c8,1,0,ok,69.5933,7.32608,0,,,,0,,0.5303300858899104,experiments/results/distributed_8xH800/phase-a-v2/atlas/smoke/g1/sc26_transfer_CVtoDV_nq4_c8/r0/result.json
atlas,smoke,sc26_transfer_DVtoCV_nq2_c4,1,0,ok,81.0654,1.02115,0,,,,0,,1.4999999999999996,experiments/results/distributed_8xH800/phase-a-v2/atlas/smoke/g1/sc26_transfer_DVtoCV_nq2_c4/r0/result.json
atlas,smoke,sc26_transfer_DVtoCV_nq4_c8,1,0,ok,49.6913,1.78074,0,,,,0,,0.5303300858899104,experiments/results/distributed_8xH800/phase-a-v2/atlas/smoke/g1/sc26_transfer_DVtoCV_nq4_c8/r0/result.json
atlas,smoke,sc26_vqe_nq3_nm2_c4,1,0,ok,653.048,0.86608,0,,,,0,,1,experiments/results/distributed_8xH800/phase-a-v2/atlas/smoke/g1/sc26_vqe_nq3_nm2_c4/r0/result.json
atlas,smoke,sc26_vqe_nq4_nm2_c8,1,0,ok,70.0532,1.92096,0,,,,0,,1,experiments/results/distributed_8xH800/phase-a-v2/atlas/smoke/g1/sc26_vqe_nq4_nm2_c8/r0/result.json
atlas,smoke,sc26_jch_nq3_nm2_c4,2,0,ok,2062.77,2.04227,0.06864,,,,4096,,1,experiments/results/distributed_8xH800/phase-a-v2/atlas/smoke/g2/sc26_jch_nq3_nm2_c4/r0/result.json
atlas,smoke,sc26_jch_nq4_nm2_c8,2,0,ok,3759.86,3.52019,0.065152,,,,32768,,1,experiments/results/distributed_8xH800/phase-a-v2/atlas/smoke/g2/sc26_jch_nq4_nm2_c8/r0/result.json
atlas,smoke,sc26_qaoa_nm1_c4,2,0,ok,4440.38,1.58454,0.100032,,,,384,,1,experiments/results/distributed_8xH800/phase-a-v2/atlas/smoke/g2/sc26_qaoa_nm1_c4/r0/result.json
atlas,smoke,sc26_qaoa_nm2_c8,2,0,ok,2892.7,1.67037,0.096064,,,,4096,,1,experiments/results/distributed_8xH800/phase-a-v2/atlas/smoke/g2/sc26_qaoa_nm2_c8/r0/result.json
atlas,smoke,sc26_qft_nq3_c4,2,0,ok,2540.68,2.65059,0.101632,,,,1024,,1.0606601717798207,experiments/results/distributed_8xH800/phase-a-v2/atlas/smoke/g2/sc26_qft_nq3_c4/r0/result.json
atlas,smoke,sc26_qft_nq5_c8,2,0,ok,1755.45,3.6696,0.087424,,,,8192,,0.3749999999999997,experiments/results/distributed_8xH800/phase-a-v2/atlas/smoke/g2/sc26_qft_nq5_c8/r0/result.json
atlas,smoke,sc26_transfer_CVtoDV_nq2_c4,2,0,ok,2726.27,2.00173,0.064512,,,,512,,1.4999999999999996,experiments/results/distributed_8xH800/phase-a-v2/atlas/smoke/g2/sc26_transfer_CVtoDV_nq2_c4/r0/result.json
atlas,smoke,sc26_transfer_CVtoDV_nq4_c8,2,0,ok,1414.07,2.71174,0.08368,,,,4096,,0.5303300858899104,experiments/results/distributed_8xH800/phase-a-v2/atlas/smoke/g2/sc26_transfer_CVtoDV_nq4_c8/r0/result.json
atlas,smoke,sc26_transfer_DVtoCV_nq2_c4,2,0,ok,5289.24,1.4224,0.08544,,,,512,,1.4999999999999996,experiments/results/distributed_8xH800/phase-a-v2/atlas/smoke/g2/sc26_transfer_DVtoCV_nq2_c4/r0/result.json
atlas,smoke,sc26_transfer_DVtoCV_nq4_c8,2,0,ok,5551.86,2.80944,0.086496,,,,4096,,0.5303300858899104,experiments/results/distributed_8xH800/phase-a-v2/atlas/smoke/g2/sc26_transfer_DVtoCV_nq4_c8/r0/result.json
atlas,smoke,sc26_vqe_nq3_nm2_c4,2,0,ok,7574.58,1.47069,0.077696,,,,4096,,1,experiments/results/distributed_8xH800/phase-a-v2/atlas/smoke/g2/sc26_vqe_nq3_nm2_c4/r0/result.json
atlas,smoke,sc26_vqe_nq4_nm2_c8,2,0,ok,2793.27,5.81366,0.021248,,,,32768,,1,experiments/results/distributed_8xH800/phase-a-v2/atlas/smoke/g2/sc26_vqe_nq4_nm2_c8/r0/result.json
atlas,smoke,sc26_jch_nq3_nm2_c4,4,0,ok,12038.6,3.63229,0.200928,,,,4096,,1,experiments/results/distributed_8xH800/phase-a-v2/atlas/smoke/g4/sc26_jch_nq3_nm2_c4/r0/result.json
atlas,smoke,sc26_jch_nq4_nm2_c8,4,0,ok,5309.96,4.65408,0.19168,,,,32768,,1,experiments/results/distributed_8xH800/phase-a-v2/atlas/smoke/g4/sc26_jch_nq4_nm2_c8/r0/result.json
atlas,smoke,sc26_qaoa_nm1_c4,4,0,unsupported_backend,,,,,,,,,,experiments/results/distributed_8xH800/phase-a-v2/atlas/smoke/g4/sc26_qaoa_nm1_c4/r0/result.json
atlas,smoke,sc26_qaoa_nm2_c8,4,0,ok,8853.42,3.37888,0.192416,,,,4096,,1,experiments/results/distributed_8xH800/phase-a-v2/atlas/smoke/g4/sc26_qaoa_nm2_c8/r0/result.json
atlas,smoke,sc26_qft_nq3_c4,4,0,ok,3404.98,1.5656,0.085952,,,,1024,,1.0606601717798207,experiments/results/distributed_8xH800/phase-a-v2/atlas/smoke/g4/sc26_qft_nq3_c4/r0/result.json
atlas,smoke,sc26_qft_nq5_c8,4,0,ok,9449.55,12.4346,0.0272,,,,8192,,0.3749999999999997,experiments/results/distributed_8xH800/phase-a-v2/atlas/smoke/g4/sc26_qft_nq5_c8/r0/result.json
atlas,smoke,sc26_transfer_CVtoDV_nq2_c4,4,0,crash_host,,,,,,,,,,experiments/results/distributed_8xH800/phase-a-v2/atlas/smoke/g4/sc26_transfer_CVtoDV_nq2_c4/r0/result.json
atlas,smoke,sc26_transfer_CVtoDV_nq4_c8,4,0,ok,11776.7,29.2239,0.131712,,,,4096,,0.5303300858899104,experiments/results/distributed_8xH800/phase-a-v2/atlas/smoke/g4/sc26_transfer_CVtoDV_nq4_c8/r0/result.json
atlas,smoke,sc26_transfer_DVtoCV_nq2_c4,4,0,crash_host,,,,,,,,,,experiments/results/distributed_8xH800/phase-a-v2/atlas/smoke/g4/sc26_transfer_DVtoCV_nq2_c4/r0/result.json
atlas,smoke,sc26_transfer_DVtoCV_nq4_c8,4,0,ok,4722.16,3.43472,0.187136,,,,4096,,0.5303300858899104,experiments/results/distributed_8xH800/phase-a-v2/atlas/smoke/g4/sc26_transfer_DVtoCV_nq4_c8/r0/result.json
atlas,smoke,sc26_vqe_nq3_nm2_c4,4,0,ok,6801.66,3.30944,0.187744,,,,4096,,1,experiments/results/distributed_8xH800/phase-a-v2/atlas/smoke/g4/sc26_vqe_nq3_nm2_c4/r0/result.json
atlas,smoke,sc26_vqe_nq4_nm2_c8,4,0,ok,3355.47,5.50371,0.159296,,,,32768,,1,experiments/results/distributed_8xH800/phase-a-v2/atlas/smoke/g4/sc26_vqe_nq4_nm2_c8/r0/result.json
atlas,smoke,sc26_jch_nq3_nm2_c4,6,0,unsupported_gpu_count,,,,,,,,,,experiments/results/distributed_8xH800/phase-a-v2/atlas/smoke/g6/sc26_jch_nq3_nm2_c4/r0/result.json
atlas,smoke,sc26_jch_nq4_nm2_c8,6,0,unsupported_gpu_count,,,,,,,,,,experiments/results/distributed_8xH800/phase-a-v2/atlas/smoke/g6/sc26_jch_nq4_nm2_c8/r0/result.json
atlas,smoke,sc26_qaoa_nm1_c4,6,0,unsupported_gpu_count,,,,,,,,,,experiments/results/distributed_8xH800/phase-a-v2/atlas/smoke/g6/sc26_qaoa_nm1_c4/r0/result.json
atlas,smoke,sc26_qaoa_nm2_c8,6,0,unsupported_gpu_count,,,,,,,,,,experiments/results/distributed_8xH800/phase-a-v2/atlas/smoke/g6/sc26_qaoa_nm2_c8/r0/result.json
atlas,smoke,sc26_qft_nq3_c4,6,0,unsupported_gpu_count,,,,,,,,,,experiments/results/distributed_8xH800/phase-a-v2/atlas/smoke/g6/sc26_qft_nq3_c4/r0/result.json
atlas,smoke,sc26_qft_nq5_c8,6,0,unsupported_gpu_count,,,,,,,,,,experiments/results/distributed_8xH800/phase-a-v2/atlas/smoke/g6/sc26_qft_nq5_c8/r0/result.json
atlas,smoke,sc26_transfer_CVtoDV_nq2_c4,6,0,unsupported_gpu_count,,,,,,,,,,experiments/results/distributed_8xH800/phase-a-v2/atlas/smoke/g6/sc26_transfer_CVtoDV_nq2_c4/r0/result.json
atlas,smoke,sc26_transfer_CVtoDV_nq4_c8,6,0,unsupported_gpu_count,,,,,,,,,,experiments/results/distributed_8xH800/phase-a-v2/atlas/smoke/g6/sc26_transfer_CVtoDV_nq4_c8/r0/result.json
atlas,smoke,sc26_transfer_DVtoCV_nq2_c4,6,0,unsupported_gpu_count,,,,,,,,,,experiments/results/distributed_8xH800/phase-a-v2/atlas/smoke/g6/sc26_transfer_DVtoCV_nq2_c4/r0/result.json
atlas,smoke,sc26_transfer_DVtoCV_nq4_c8,6,0,unsupported_gpu_count,,,,,,,,,,experiments/results/distributed_8xH800/phase-a-v2/atlas/smoke/g6/sc26_transfer_DVtoCV_nq4_c8/r0/result.json
atlas,smoke,sc26_vqe_nq3_nm2_c4,6,0,unsupported_gpu_count,,,,,,,,,,experiments/results/distributed_8xH800/phase-a-v2/atlas/smoke/g6/sc26_vqe_nq3_nm2_c4/r0/result.json
atlas,smoke,sc26_vqe_nq4_nm2_c8,6,0,unsupported_gpu_count,,,,,,,,,,experiments/results/distributed_8xH800/phase-a-v2/atlas/smoke/g6/sc26_vqe_nq4_nm2_c8/r0/result.json
atlas,smoke,sc26_jch_nq3_nm2_c4,8,0,ok,44570.7,4.55091,0.246432,,,,4096,,1,experiments/results/distributed_8xH800/phase-a-v2/atlas/smoke/g8/sc26_jch_nq3_nm2_c4/r0/result.json
atlas,smoke,sc26_jch_nq4_nm2_c8,8,0,ok,50448.3,6.59149,0.633472,,,,32768,,1,experiments/results/distributed_8xH800/phase-a-v2/atlas/smoke/g8/sc26_jch_nq4_nm2_c8/r0/result.json
atlas,smoke,sc26_qaoa_nm1_c4,8,0,unsupported_backend,,,,,,,,,,experiments/results/distributed_8xH800/phase-a-v2/atlas/smoke/g8/sc26_qaoa_nm1_c4/r0/result.json
atlas,smoke,sc26_qaoa_nm2_c8,8,0,crash_host,,,,,,,,,,experiments/results/distributed_8xH800/phase-a-v2/atlas/smoke/g8/sc26_qaoa_nm2_c8/r0/result.json
atlas,smoke,sc26_qft_nq3_c4,8,0,unsupported_backend,,,,,,,,,,experiments/results/distributed_8xH800/phase-a-v2/atlas/smoke/g8/sc26_qft_nq3_c4/r0/result.json
atlas,smoke,sc26_qft_nq5_c8,8,0,ok,18734.3,5.40566,0.523232,,,,8192,,0.3749999999999997,experiments/results/distributed_8xH800/phase-a-v2/atlas/smoke/g8/sc26_qft_nq5_c8/r0/result.json
atlas,smoke,sc26_transfer_CVtoDV_nq2_c4,8,0,unsupported_backend,,,,,,,,,,experiments/results/distributed_8xH800/phase-a-v2/atlas/smoke/g8/sc26_transfer_CVtoDV_nq2_c4/r0/result.json
atlas,smoke,sc26_transfer_CVtoDV_nq4_c8,8,0,ok,19251.8,2.98493,0.64624,,,,4096,,0.5303300858899104,experiments/results/distributed_8xH800/phase-a-v2/atlas/smoke/g8/sc26_transfer_CVtoDV_nq4_c8/r0/result.json
atlas,smoke,sc26_transfer_DVtoCV_nq2_c4,8,0,unsupported_backend,,,,,,,,,,experiments/results/distributed_8xH800/phase-a-v2/atlas/smoke/g8/sc26_transfer_DVtoCV_nq2_c4/r0/result.json
atlas,smoke,sc26_transfer_DVtoCV_nq4_c8,8,0,ok,10711.4,3.27437,0.658624,,,,4096,,0.5303300858899104,experiments/results/distributed_8xH800/phase-a-v2/atlas/smoke/g8/sc26_transfer_DVtoCV_nq4_c8/r0/result.json
atlas,smoke,sc26_vqe_nq3_nm2_c4,8,0,crash_host,,,,,,,,,,experiments/results/distributed_8xH800/phase-a-v2/atlas/smoke/g8/sc26_vqe_nq3_nm2_c4/r0/result.json
atlas,smoke,sc26_vqe_nq4_nm2_c8,8,0,ok,36139.9,7.33187,0.253696,,,,32768,,1,experiments/results/distributed_8xH800/phase-a-v2/atlas/smoke/g8/sc26_vqe_nq4_nm2_c8/r0/result.json
bqsim,smoke,sc26_jch_nq3_nm2_c4,1,0,ok,4835.978705203161,,,0.20678337539494807,,,,,,experiments/results/distributed_8xH800/phase-a-v2/bqsim/smoke/g1/sc26_jch_nq3_nm2_c4/r0/result.json
bqsim,smoke,sc26_jch_nq4_nm2_c8,1,0,ok,640.884397784248,,,1.5603438053061285,,,,,,experiments/results/distributed_8xH800/phase-a-v2/bqsim/smoke/g1/sc26_jch_nq4_nm2_c8/r0/result.json
bqsim,smoke,sc26_qaoa_nm1_c4,1,0,ok,910.2497629355639,,,1.0985995720284405,,,,,,experiments/results/distributed_8xH800/phase-a-v2/bqsim/smoke/g1/sc26_qaoa_nm1_c4/r0/result.json
bqsim,smoke,sc26_qaoa_nm2_c8,1,0,ok,685.2785809896886,,,1.4592605514618397,,,,,,experiments/results/distributed_8xH800/phase-a-v2/bqsim/smoke/g1/sc26_qaoa_nm2_c8/r0/result.json
bqsim,smoke,sc26_qft_nq3_c4,1,0,ok,3450.1236099749804,,,0.28984468762475785,,,,,,experiments/results/distributed_8xH800/phase-a-v2/bqsim/smoke/g1/sc26_qft_nq3_c4/r0/result.json
bqsim,smoke,sc26_qft_nq5_c8,1,0,ok,579.2947900481522,,,1.726236826533306,,,,,,experiments/results/distributed_8xH800/phase-a-v2/bqsim/smoke/g1/sc26_qft_nq5_c8/r0/result.json
bqsim,smoke,sc26_transfer_CVtoDV_nq2_c4,1,0,ok,2439.6852601785213,,,0.40988893785701935,,,,,,experiments/results/distributed_8xH800/phase-a-v2/bqsim/smoke/g1/sc26_transfer_CVtoDV_nq2_c4/r0/result.json
bqsim,smoke,sc26_transfer_CVtoDV_nq4_c8,1,0,ok,647.167552029714,,,1.545194898699257,,,,,,experiments/results/distributed_8xH800/phase-a-v2/bqsim/smoke/g1/sc26_transfer_CVtoDV_nq4_c8/r0/result.json
bqsim,smoke,sc26_transfer_DVtoCV_nq2_c4,1,0,ok,1640.745849115774,,,0.6094789150549532,,,,,,experiments/results/distributed_8xH800/phase-a-v2/bqsim/smoke/g1/sc26_transfer_DVtoCV_nq2_c4/r0/result.json
bqsim,smoke,sc26_transfer_DVtoCV_nq4_c8,1,0,ok,1386.4480510819703,,,0.7212675579294947,,,,,,experiments/results/distributed_8xH800/phase-a-v2/bqsim/smoke/g1/sc26_transfer_DVtoCV_nq4_c8/r0/result.json
bqsim,smoke,sc26_vqe_nq3_nm2_c4,1,0,ok,1021.763619966805,,,0.9786999463070412,,,,,,experiments/results/distributed_8xH800/phase-a-v2/bqsim/smoke/g1/sc26_vqe_nq3_nm2_c4/r0/result.json
bqsim,smoke,sc26_vqe_nq4_nm2_c8,1,0,ok,1067.440140992403,,,0.9368206811768351,,,,,,experiments/results/distributed_8xH800/phase-a-v2/bqsim/smoke/g1/sc26_vqe_nq4_nm2_c8/r0/result.json
bqsim,smoke,sc26_jch_nq3_nm2_c4,2,0,ok,1163.5957059916109,,,0.8594050277521474,,,,,,experiments/results/distributed_8xH800/phase-a-v2/bqsim/smoke/g2/sc26_jch_nq3_nm2_c4/r0/result.json
bqsim,smoke,sc26_jch_nq4_nm2_c8,2,0,ok,990.291414083913,,,1.0098037666266835,,,,,,experiments/results/distributed_8xH800/phase-a-v2/bqsim/smoke/g2/sc26_jch_nq4_nm2_c8/r0/result.json
bqsim,smoke,sc26_qaoa_nm1_c4,2,0,ok,1361.1685489304364,,,0.7346628753549799,,,,,,experiments/results/distributed_8xH800/phase-a-v2/bqsim/smoke/g2/sc26_qaoa_nm1_c4/r0/result.json
bqsim,smoke,sc26_qaoa_nm2_c8,2,0,ok,1333.8073389604688,,,0.7497334665884889,,,,,,experiments/results/distributed_8xH800/phase-a-v2/bqsim/smoke/g2/sc26_qaoa_nm2_c8/r0/result.json
bqsim,smoke,sc26_qft_nq3_c4,2,0,ok,1045.2288589440286,,,0.9567282719406328,,,,,,experiments/results/distributed_8xH800/phase-a-v2/bqsim/smoke/g2/sc26_qft_nq3_c4/r0/result.json
bqsim,smoke,sc26_qft_nq5_c8,2,0,ok,966.7826530057937,,,1.0343586502001576,,,,,,experiments/results/distributed_8xH800/phase-a-v2/bqsim/smoke/g2/sc26_qft_nq5_c8/r0/result.json
bqsim,smoke,sc26_transfer_CVtoDV_nq2_c4,2,0,ok,1071.5144129935652,,,0.9332585617828786,,,,,,experiments/results/distributed_8xH800/phase-a-v2/bqsim/smoke/g2/sc26_transfer_CVtoDV_nq2_c4/r0/result.json
bqsim,smoke,sc26_transfer_CVtoDV_nq4_c8,2,0,ok,3165.885282913223,,,0.31586741484195785,,,,,,experiments/results/distributed_8xH800/phase-a-v2/bqsim/smoke/g2/sc26_transfer_CVtoDV_nq4_c8/r0/result.json
bqsim,smoke,sc26_transfer_DVtoCV_nq2_c4,2,0,ok,1660.5506010819227,,,0.6022098931212668,,,,,,experiments/results/distributed_8xH800/phase-a-v2/bqsim/smoke/g2/sc26_transfer_DVtoCV_nq2_c4/r0/result.json
bqsim,smoke,sc26_transfer_DVtoCV_nq4_c8,2,0,ok,1634.9401408806443,,,0.6116431880260521,,,,,,experiments/results/distributed_8xH800/phase-a-v2/bqsim/smoke/g2/sc26_transfer_DVtoCV_nq4_c8/r0/result.json
bqsim,smoke,sc26_vqe_nq3_nm2_c4,2,0,ok,1036.4377400837839,,,0.964843290943035,,,,,,experiments/results/distributed_8xH800/phase-a-v2/bqsim/smoke/g2/sc26_vqe_nq3_nm2_c4/r0/result.json
bqsim,smoke,sc26_vqe_nq4_nm2_c8,2,0,ok,2269.6404720190912,,,0.44059841738299266,,,,,,experiments/results/distributed_8xH800/phase-a-v2/bqsim/smoke/g2/sc26_vqe_nq4_nm2_c8/r0/result.json
bqsim,smoke,sc26_jch_nq3_nm2_c4,4,0,ok,1816.6647299658507,,,0.5504593024265946,,,,,,experiments/results/distributed_8xH800/phase-a-v2/bqsim/smoke/g4/sc26_jch_nq3_nm2_c4/r0/result.json
bqsim,smoke,sc26_jch_nq4_nm2_c8,4,0,ok,1854.900917969644,,,0.5391123538256641,,,,,,experiments/results/distributed_8xH800/phase-a-v2/bqsim/smoke/g4/sc26_jch_nq4_nm2_c8/r0/result.json
bqsim,smoke,sc26_qaoa_nm1_c4,4,0,ok,1863.27964393422,,,0.5366880936285822,,,,,,experiments/results/distributed_8xH800/phase-a-v2/bqsim/smoke/g4/sc26_qaoa_nm1_c4/r0/result.json
bqsim,smoke,sc26_qaoa_nm2_c8,4,0,ok,2438.159278128296,,,0.41014547694671977,,,,,,experiments/results/distributed_8xH800/phase-a-v2/bqsim/smoke/g4/sc26_qaoa_nm2_c8/r0/result.json
bqsim,smoke,sc26_qft_nq3_c4,4,0,ok,1918.8131541013718,,,0.521155485026016,,,,,,experiments/results/distributed_8xH800/phase-a-v2/bqsim/smoke/g4/sc26_qft_nq3_c4/r0/result.json
bqsim,smoke,sc26_qft_nq5_c8,4,0,ok,2135.3234900161624,,,0.46831311727499936,,,,,,experiments/results/distributed_8xH800/phase-a-v2/bqsim/smoke/g4/sc26_qft_nq5_c8/r0/result.json
bqsim,smoke,sc26_transfer_CVtoDV_nq2_c4,4,0,ok,3941.7327400296926,,,0.2536955359364286,,,,,,experiments/results/distributed_8xH800/phase-a-v2/bqsim/smoke/g4/sc26_transfer_CVtoDV_nq2_c4/r0/result.json
bqsim,smoke,sc26_transfer_CVtoDV_nq4_c8,4,0,ok,4130.568383960053,,,0.24209743237352754,,,,,,experiments/results/distributed_8xH800/phase-a-v2/bqsim/smoke/g4/sc26_transfer_CVtoDV_nq4_c8/r0/result.json
bqsim,smoke,sc26_transfer_DVtoCV_nq2_c4,4,0,ok,2856.7701098509133,,,0.3500456675011162,,,,,,experiments/results/distributed_8xH800/phase-a-v2/bqsim/smoke/g4/sc26_transfer_DVtoCV_nq2_c4/r0/result.json
bqsim,smoke,sc26_transfer_DVtoCV_nq4_c8,4,0,ok,2254.4041532091796,,,0.4435761877818067,,,,,,experiments/results/distributed_8xH800/phase-a-v2/bqsim/smoke/g4/sc26_transfer_DVtoCV_nq4_c8/r0/result.json
bqsim,smoke,sc26_vqe_nq3_nm2_c4,4,0,ok,1927.658636821434,,,0.5187640492452159,,,,,,experiments/results/distributed_8xH800/phase-a-v2/bqsim/smoke/g4/sc26_vqe_nq3_nm2_c4/r0/result.json
bqsim,smoke,sc26_vqe_nq4_nm2_c8,4,0,ok,1875.8902300614864,,,0.5330802325076467,,,,,,experiments/results/distributed_8xH800/phase-a-v2/bqsim/smoke/g4/sc26_vqe_nq4_nm2_c8/r0/result.json
bqsim,smoke,sc26_jch_nq3_nm2_c4,6,0,ok,2566.4212920237333,,,0.3896476401235968,,,,,,experiments/results/distributed_8xH800/phase-a-v2/bqsim/smoke/g6/sc26_jch_nq3_nm2_c4/r0/result.json
bqsim,smoke,sc26_jch_nq4_nm2_c8,6,0,ok,4987.39908519201,,,0.20050531006613861,,,,,,experiments/results/distributed_8xH800/phase-a-v2/bqsim/smoke/g6/sc26_jch_nq4_nm2_c8/r0/result.json
bqsim,smoke,sc26_qaoa_nm1_c4,6,0,ok,3429.5855960808694,,,0.29158041751246616,,,,,,experiments/results/distributed_8xH800/phase-a-v2/bqsim/smoke/g6/sc26_qaoa_nm1_c4/r0/result.json
bqsim,smoke,sc26_qaoa_nm2_c8,6,0,ok,5237.238307017833,,,0.19094032797018473,,,,,,experiments/results/distributed_8xH800/phase-a-v2/bqsim/smoke/g6/sc26_qaoa_nm2_c8/r0/result.json
bqsim,smoke,sc26_qft_nq3_c4,6,0,ok,2845.7540520466864,,,0.3514007119767757,,,,,,experiments/results/distributed_8xH800/phase-a-v2/bqsim/smoke/g6/sc26_qft_nq3_c4/r0/result.json
bqsim,smoke,sc26_qft_nq5_c8,6,0,ok,4487.749465042725,,,0.22282883832742645,,,,,,experiments/results/distributed_8xH800/phase-a-v2/bqsim/smoke/g6/sc26_qft_nq5_c8/r0/result.json
bqsim,smoke,sc26_transfer_CVtoDV_nq2_c4,6,0,ok,2760.361089836806,,,0.3622714447330224,,,,,,experiments/results/distributed_8xH800/phase-a-v2/bqsim/smoke/g6/sc26_transfer_CVtoDV_nq2_c4/r0/result.json
bqsim,smoke,sc26_transfer_CVtoDV_nq4_c8,6,0,ok,2960.4258560575545,,,0.3377892400020164,,,,,,experiments/results/distributed_8xH800/phase-a-v2/bqsim/smoke/g6/sc26_transfer_CVtoDV_nq4_c8/r0/result.json
bqsim,smoke,sc26_transfer_DVtoCV_nq2_c4,6,0,ok,2948.976004961878,,,0.33910075847257604,,,,,,experiments/results/distributed_8xH800/phase-a-v2/bqsim/smoke/g6/sc26_transfer_DVtoCV_nq2_c4/r0/result.json
bqsim,smoke,sc26_transfer_DVtoCV_nq4_c8,6,0,ok,2770.6602679099888,,,0.36092479889435775,,,,,,experiments/results/distributed_8xH800/phase-a-v2/bqsim/smoke/g6/sc26_transfer_DVtoCV_nq4_c8/r0/result.json
bqsim,smoke,sc26_vqe_nq3_nm2_c4,6,0,ok,2784.7846338991076,,,0.3590941963076883,,,,,,experiments/results/distributed_8xH800/phase-a-v2/bqsim/smoke/g6/sc26_vqe_nq3_nm2_c4/r0/result.json
bqsim,smoke,sc26_vqe_nq4_nm2_c8,6,0,ok,3162.6625349745154,,,0.3161892832198924,,,,,,experiments/results/distributed_8xH800/phase-a-v2/bqsim/smoke/g6/sc26_vqe_nq4_nm2_c8/r0/result.json
bqsim,smoke,sc26_jch_nq3_nm2_c4,8,0,ok,5318.685683887452,,,0.1880163746147705,,,,,,experiments/results/distributed_8xH800/phase-a-v2/bqsim/smoke/g8/sc26_jch_nq3_nm2_c4/r0/result.json
bqsim,smoke,sc26_jch_nq4_nm2_c8,8,0,ok,5264.675888000056,,,0.1899452162438588,,,,,,experiments/results/distributed_8xH800/phase-a-v2/bqsim/smoke/g8/sc26_jch_nq4_nm2_c8/r0/result.json
bqsim,smoke,sc26_qaoa_nm1_c4,8,0,ok,4815.324488095939,,,0.20767032470441404,,,,,,experiments/results/distributed_8xH800/phase-a-v2/bqsim/smoke/g8/sc26_qaoa_nm1_c4/r0/result.json
bqsim,smoke,sc26_qaoa_nm2_c8,8,0,ok,4463.984781876206,,,0.22401510060249386,,,,,,experiments/results/distributed_8xH800/phase-a-v2/bqsim/smoke/g8/sc26_qaoa_nm2_c8/r0/result.json
bqsim,smoke,sc26_qft_nq3_c4,8,0,ok,5440.141813829541,,,0.18381873749281152,,,,,,experiments/results/distributed_8xH800/phase-a-v2/bqsim/smoke/g8/sc26_qft_nq3_c4/r0/result.json
bqsim,smoke,sc26_qft_nq5_c8,8,0,ok,4425.452759955078,,,0.22596558007550638,,,,,,experiments/results/distributed_8xH800/phase-a-v2/bqsim/smoke/g8/sc26_qft_nq5_c8/r0/result.json
bqsim,smoke,sc26_transfer_CVtoDV_nq2_c4,8,0,ok,4207.477704854682,,,0.23767208530806416,,,,,,experiments/results/distributed_8xH800/phase-a-v2/bqsim/smoke/g8/sc26_transfer_CVtoDV_nq2_c4/r0/result.json
bqsim,smoke,sc26_transfer_CVtoDV_nq4_c8,8,0,ok,3352.5660349987447,,,0.2982789867703156,,,,,,experiments/results/distributed_8xH800/phase-a-v2/bqsim/smoke/g8/sc26_transfer_CVtoDV_nq4_c8/r0/result.json
bqsim,smoke,sc26_transfer_DVtoCV_nq2_c4,8,0,ok,4318.221679190174,,,0.23157680968975566,,,,,,experiments/results/distributed_8xH800/phase-a-v2/bqsim/smoke/g8/sc26_transfer_DVtoCV_nq2_c4/r0/result.json
bqsim,smoke,sc26_transfer_DVtoCV_nq4_c8,8,0,ok,3870.3130008652806,,,0.25837703559800757,,,,,,experiments/results/distributed_8xH800/phase-a-v2/bqsim/smoke/g8/sc26_transfer_DVtoCV_nq4_c8/r0/result.json
bqsim,smoke,sc26_vqe_nq3_nm2_c4,8,0,ok,5721.118603134528,,,0.17479099270064297,,,,,,experiments/results/distributed_8xH800/phase-a-v2/bqsim/smoke/g8/sc26_vqe_nq3_nm2_c4/r0/result.json
bqsim,smoke,sc26_vqe_nq4_nm2_c8,8,0,ok,5517.724122852087,,,0.18123414250785422,,,,,,experiments/results/distributed_8xH800/phase-a-v2/bqsim/smoke/g8/sc26_vqe_nq4_nm2_c8/r0/result.json
hybridcvdv,smoke,sc26_jch_nq3_nm2_c4,1,0,ok,6.661037,0.521357,0,150.12677455477277,,,0,0,277.0,experiments/results/distributed_8xH800/phase-a-v2/hybridcvdv/smoke/g1/sc26_jch_nq3_nm2_c4/r0/result.json
hybridcvdv,smoke,sc26_jch_nq4_nm2_c8,1,0,ok,6.840544,0.553622,0,146.18720382472503,,,0,0,311.0,experiments/results/distributed_8xH800/phase-a-v2/hybridcvdv/smoke/g1/sc26_jch_nq4_nm2_c8/r0/result.json
hybridcvdv,smoke,sc26_qaoa_nm1_c4,1,0,ok,0.018674,0.018674,0.0,53550.3909178537,,,0,0,,experiments/results/distributed_8xH800/phase-a-v2/hybridcvdv/smoke/g1/sc26_qaoa_nm1_c4/r0/result.json
hybridcvdv,smoke,sc26_qaoa_nm2_c8,1,0,ok,0.021245,0.021245,0.0,47069.89879971758,,,0,0,,experiments/results/distributed_8xH800/phase-a-v2/hybridcvdv/smoke/g1/sc26_qaoa_nm2_c8/r0/result.json
hybridcvdv,smoke,sc26_qft_nq3_c4,1,0,ok,3.055868,0.709842,0,327.2392655703715,,,0,0,1086.0,experiments/results/distributed_8xH800/phase-a-v2/hybridcvdv/smoke/g1/sc26_qft_nq3_c4/r0/result.json
hybridcvdv,smoke,sc26_qft_nq5_c8,1,0,ok,12.251756,2.35233,0,81.62095294747952,,,0,0,4326.0,experiments/results/distributed_8xH800/phase-a-v2/hybridcvdv/smoke/g1/sc26_qft_nq5_c8/r0/result.json
hybridcvdv,smoke,sc26_transfer_CVtoDV_nq2_c4,1,0,ok,1.914518,0.356516,0,522.3246791098334,,,0,0,546.0,experiments/results/distributed_8xH800/phase-a-v2/hybridcvdv/smoke/g1/sc26_transfer_CVtoDV_nq2_c4/r0/result.json
hybridcvdv,smoke,sc26_transfer_CVtoDV_nq4_c8,1,0,ok,98.658162,1.018972,0,10.136008818003319,,,0,0,2166.0,experiments/results/distributed_8xH800/phase-a-v2/hybridcvdv/smoke/g1/sc26_transfer_CVtoDV_nq4_c8/r0/result.json
hybridcvdv,smoke,sc26_transfer_DVtoCV_nq2_c4,1,0,ok,3.854903,0.379294,0,259.4098995487046,,,0,0,543.0,experiments/results/distributed_8xH800/phase-a-v2/hybridcvdv/smoke/g1/sc26_transfer_DVtoCV_nq2_c4/r0/result.json
hybridcvdv,smoke,sc26_transfer_DVtoCV_nq4_c8,1,0,ok,82.42302,0.969085,0,12.132532877344218,,,0,0,2163.0,experiments/results/distributed_8xH800/phase-a-v2/hybridcvdv/smoke/g1/sc26_transfer_DVtoCV_nq4_c8/r0/result.json
hybridcvdv,smoke,sc26_vqe_nq3_nm2_c4,1,0,ok,4.794868,1.544145,0,208.5563147932331,,,0,0,-5178.70893846827,experiments/results/distributed_8xH800/phase-a-v2/hybridcvdv/smoke/g1/sc26_vqe_nq3_nm2_c4/r0/result.json
hybridcvdv,smoke,sc26_vqe_nq4_nm2_c8,1,0,ok,9.154116,3.99836,0,109.2404771798828,,,0,0,1115.39560408613,experiments/results/distributed_8xH800/phase-a-v2/hybridcvdv/smoke/g1/sc26_vqe_nq4_nm2_c8/r0/result.json
hybridcvdv,smoke,sc26_jch_nq3_nm2_c4,2,0,ok,38.630484,2.039175,0,25.886292286682195,,,0,0,277.0,experiments/results/distributed_8xH800/phase-a-v2/hybridcvdv/smoke/g2/sc26_jch_nq3_nm2_c4/r0/result.json
hybridcvdv,smoke,sc26_jch_nq4_nm2_c8,2,0,ok,74.226337,0.578549,0,13.472307006069826,,,0,0,311.0,experiments/results/distributed_8xH800/phase-a-v2/hybridcvdv/smoke/g2/sc26_jch_nq4_nm2_c8/r0/result.json
hybridcvdv,smoke,sc26_qaoa_nm1_c4,2,0,ok,0.015474,0.015474,0.0,64624.531472146824,,,0,0,,experiments/results/distributed_8xH800/phase-a-v2/hybridcvdv/smoke/g2/sc26_qaoa_nm1_c4/r0/result.json
hybridcvdv,smoke,sc26_qaoa_nm2_c8,2,0,ok,0.01693,0.01693,0.0,59066.74542232723,,,0,0,,experiments/results/distributed_8xH800/phase-a-v2/hybridcvdv/smoke/g2/sc26_qaoa_nm2_c8/r0/result.json
hybridcvdv,smoke,sc26_qft_nq3_c4,2,0,ok,4.543919,0.705544,0,220.07434551540203,,,0,0,1086.0,experiments/results/distributed_8xH800/phase-a-v2/hybridcvdv/smoke/g2/sc26_qft_nq3_c4/r0/result.json
hybridcvdv,smoke,sc26_qft_nq5_c8,2,0,ok,22.032713,2.626963,0,45.38705696388819,,,0,0,4326.0,experiments/results/distributed_8xH800/phase-a-v2/hybridcvdv/smoke/g2/sc26_qft_nq5_c8/r0/result.json
hybridcvdv,smoke,sc26_transfer_CVtoDV_nq2_c4,2,0,ok,36.117567,0.389874,0,27.687357789078096,,,0,0,546.0,experiments/results/distributed_8xH800/phase-a-v2/hybridcvdv/smoke/g2/sc26_transfer_CVtoDV_nq2_c4/r0/result.json
hybridcvdv,smoke,sc26_transfer_CVtoDV_nq4_c8,2,0,ok,8.349245,1.288839,0,119.77130866323841,,,0,0,2166.0,experiments/results/distributed_8xH800/phase-a-v2/hybridcvdv/smoke/g2/sc26_transfer_CVtoDV_nq4_c8/r0/result.json
hybridcvdv,smoke,sc26_transfer_DVtoCV_nq2_c4,2,0,ok,2.450138,0.369711,0,408.1402761803621,,,0,0,543.0,experiments/results/distributed_8xH800/phase-a-v2/hybridcvdv/smoke/g2/sc26_transfer_DVtoCV_nq2_c4/r0/result.json
hybridcvdv,smoke,sc26_transfer_DVtoCV_nq4_c8,2,0,ok,39.186228,1.058214,0,25.519169642967423,,,0,0,2163.0,experiments/results/distributed_8xH800/phase-a-v2/hybridcvdv/smoke/g2/sc26_transfer_DVtoCV_nq4_c8/r0/result.json
hybridcvdv,smoke,sc26_vqe_nq3_nm2_c4,2,0,crash_host,,,,,,,,,,experiments/results/distributed_8xH800/phase-a-v2/hybridcvdv/smoke/g2/sc26_vqe_nq3_nm2_c4/r0/result.json
hybridcvdv,smoke,sc26_vqe_nq4_nm2_c8,2,0,crash_host,,,,,,,,,,experiments/results/distributed_8xH800/phase-a-v2/hybridcvdv/smoke/g2/sc26_vqe_nq4_nm2_c8/r0/result.json
hybridcvdv,smoke,sc26_jch_nq3_nm2_c4,4,0,ok,33.458495,0.569731,0,29.88777588471926,,,0,0,277.0,experiments/results/distributed_8xH800/phase-a-v2/hybridcvdv/smoke/g4/sc26_jch_nq3_nm2_c4/r0/result.json
hybridcvdv,smoke,sc26_jch_nq4_nm2_c8,4,0,ok,205.562225,14.632166,0,4.864707024843693,,,0,0,311.0,experiments/results/distributed_8xH800/phase-a-v2/hybridcvdv/smoke/g4/sc26_jch_nq4_nm2_c8/r0/result.json
hybridcvdv,smoke,sc26_qaoa_nm1_c4,4,0,ok,0.01607,0.01607,0.0,62227.75357809583,,,0,0,,experiments/results/distributed_8xH800/phase-a-v2/hybridcvdv/smoke/g4/sc26_qaoa_nm1_c4/r0/result.json
hybridcvdv,smoke,sc26_qaoa_nm2_c8,4,0,ok,0.01411,0.01411,0.0,70871.72218284904,,,0,0,,experiments/results/distributed_8xH800/phase-a-v2/hybridcvdv/smoke/g4/sc26_qaoa_nm2_c8/r0/result.json
hybridcvdv,smoke,sc26_qft_nq3_c4,4,0,ok,10.936126,0.846049,0,91.44005838996368,,,0,0,1086.0,experiments/results/distributed_8xH800/phase-a-v2/hybridcvdv/smoke/g4/sc26_qft_nq3_c4/r0/result.json
hybridcvdv,smoke,sc26_qft_nq5_c8,4,0,ok,17.574723,2.277851,0,56.899901068142015,,,0,0,4326.0,experiments/results/distributed_8xH800/phase-a-v2/hybridcvdv/smoke/g4/sc26_qft_nq5_c8/r0/result.json
hybridcvdv,smoke,sc26_transfer_CVtoDV_nq2_c4,4,0,ok,8.304987,0.425393,0,120.40958041234741,,,0,0,546.0,experiments/results/distributed_8xH800/phase-a-v2/hybridcvdv/smoke/g4/sc26_transfer_CVtoDV_nq2_c4/r0/result.json
hybridcvdv,smoke,sc26_transfer_CVtoDV_nq4_c8,4,0,ok,9.377883,1.011849,0,106.63387461754428,,,0,0,2166.0,experiments/results/distributed_8xH800/phase-a-v2/hybridcvdv/smoke/g4/sc26_transfer_CVtoDV_nq4_c8/r0/result.json
hybridcvdv,smoke,sc26_transfer_DVtoCV_nq2_c4,4,0,ok,9.976683,0.484879,0,100.23371495315628,,,0,0,543.0,experiments/results/distributed_8xH800/phase-a-v2/hybridcvdv/smoke/g4/sc26_transfer_DVtoCV_nq2_c4/r0/result.json
hybridcvdv,smoke,sc26_transfer_DVtoCV_nq4_c8,4,0,ok,18.698865,1.089325,0,53.47918175782326,,,0,0,2163.0,experiments/results/distributed_8xH800/phase-a-v2/hybridcvdv/smoke/g4/sc26_transfer_DVtoCV_nq4_c8/r0/result.json
hybridcvdv,smoke,sc26_vqe_nq3_nm2_c4,4,0,crash_host,,,,,,,,,,experiments/results/distributed_8xH800/phase-a-v2/hybridcvdv/smoke/g4/sc26_vqe_nq3_nm2_c4/r0/result.json
hybridcvdv,smoke,sc26_vqe_nq4_nm2_c8,4,0,crash_host,,,,,,,,,,experiments/results/distributed_8xH800/phase-a-v2/hybridcvdv/smoke/g4/sc26_vqe_nq4_nm2_c8/r0/result.json
hybridcvdv,smoke,sc26_jch_nq3_nm2_c4,6,0,ok,97.258335,0.569278,0,10.281895119837287,,,0,0,277.0,experiments/results/distributed_8xH800/phase-a-v2/hybridcvdv/smoke/g6/sc26_jch_nq3_nm2_c4/r0/result.json
hybridcvdv,smoke,sc26_jch_nq4_nm2_c8,6,0,ok,91.462691,0.608732,0,10.933419835635494,,,0,0,311.0,experiments/results/distributed_8xH800/phase-a-v2/hybridcvdv/smoke/g6/sc26_jch_nq4_nm2_c8/r0/result.json
hybridcvdv,smoke,sc26_qaoa_nm1_c4,6,0,ok,0.01432,0.01432,0.0,69832.40223463687,,,0,0,,experiments/results/distributed_8xH800/phase-a-v2/hybridcvdv/smoke/g6/sc26_qaoa_nm1_c4/r0/result.json
hybridcvdv,smoke,sc26_qaoa_nm2_c8,6,0,ok,0.015332,0.015332,0.0,65223.062875032614,,,0,0,,experiments/results/distributed_8xH800/phase-a-v2/hybridcvdv/smoke/g6/sc26_qaoa_nm2_c8/r0/result.json
hybridcvdv,smoke,sc26_qft_nq3_c4,6,0,ok,11.857381,0.821689,0,84.33565557183327,,,0,0,1086.0,experiments/results/distributed_8xH800/phase-a-v2/hybridcvdv/smoke/g6/sc26_qft_nq3_c4/r0/result.json
hybridcvdv,smoke,sc26_qft_nq5_c8,6,0,ok,20.623403,2.504811,0,48.488602972070126,,,0,0,4326.0,experiments/results/distributed_8xH800/phase-a-v2/hybridcvdv/smoke/g6/sc26_qft_nq5_c8/r0/result.json
hybridcvdv,smoke,sc26_transfer_CVtoDV_nq2_c4,6,0,ok,47.71822,5.553809,0,20.956355874129418,,,0,0,546.0,experiments/results/distributed_8xH800/phase-a-v2/hybridcvdv/smoke/g6/sc26_transfer_CVtoDV_nq2_c4/r0/result.json
hybridcvdv,smoke,sc26_transfer_CVtoDV_nq4_c8,6,0,ok,10.156935,0.937996,0,98.45489805733718,,,0,0,2166.0,experiments/results/distributed_8xH800/phase-a-v2/hybridcvdv/smoke/g6/sc26_transfer_CVtoDV_nq4_c8/r0/result.json
hybridcvdv,smoke,sc26_transfer_DVtoCV_nq2_c4,6,0,ok,3.867111,0.402739,0,258.5909739854894,,,0,0,543.0,experiments/results/distributed_8xH800/phase-a-v2/hybridcvdv/smoke/g6/sc26_transfer_DVtoCV_nq2_c4/r0/result.json
hybridcvdv,smoke,sc26_transfer_DVtoCV_nq4_c8,6,0,ok,57.875646,1.098227,0,17.278424849028898,,,0,0,2163.0,experiments/results/distributed_8xH800/phase-a-v2/hybridcvdv/smoke/g6/sc26_transfer_DVtoCV_nq4_c8/r0/result.json
hybridcvdv,smoke,sc26_vqe_nq3_nm2_c4,6,0,crash_host,,,,,,,,,,experiments/results/distributed_8xH800/phase-a-v2/hybridcvdv/smoke/g6/sc26_vqe_nq3_nm2_c4/r0/result.json
hybridcvdv,smoke,sc26_vqe_nq4_nm2_c8,6,0,crash_host,,,,,,,,,,experiments/results/distributed_8xH800/phase-a-v2/hybridcvdv/smoke/g6/sc26_vqe_nq4_nm2_c8/r0/result.json
hybridcvdv,smoke,sc26_jch_nq3_nm2_c4,8,0,ok,31.686627,0.585028,0,31.559054865637798,,,0,0,277.0,experiments/results/distributed_8xH800/phase-a-v2/hybridcvdv/smoke/g8/sc26_jch_nq3_nm2_c4/r0/result.json
hybridcvdv,smoke,sc26_jch_nq4_nm2_c8,8,0,ok,32.804589,0.55485,0,30.483539970581553,,,0,0,311.0,experiments/results/distributed_8xH800/phase-a-v2/hybridcvdv/smoke/g8/sc26_jch_nq4_nm2_c8/r0/result.json
hybridcvdv,smoke,sc26_qaoa_nm1_c4,8,0,ok,0.020813,0.020813,0.0,48046.893768317874,,,0,0,,experiments/results/distributed_8xH800/phase-a-v2/hybridcvdv/smoke/g8/sc26_qaoa_nm1_c4/r0/result.json
hybridcvdv,smoke,sc26_qaoa_nm2_c8,8,0,ok,0.013739,0.013739,0.0,72785.50112817527,,,0,0,,experiments/results/distributed_8xH800/phase-a-v2/hybridcvdv/smoke/g8/sc26_qaoa_nm2_c8/r0/result.json
hybridcvdv,smoke,sc26_qft_nq3_c4,8,0,ok,11.575299,1.036789,0,86.39085694460248,,,0,0,1086.0,experiments/results/distributed_8xH800/phase-a-v2/hybridcvdv/smoke/g8/sc26_qft_nq3_c4/r0/result.json
hybridcvdv,smoke,sc26_qft_nq5_c8,8,0,ok,25.649563,2.448656,0,38.98701899911511,,,0,0,4326.0,experiments/results/distributed_8xH800/phase-a-v2/hybridcvdv/smoke/g8/sc26_qft_nq5_c8/r0/result.json
hybridcvdv,smoke,sc26_transfer_CVtoDV_nq2_c4,8,0,ok,4.564392,0.399407,0,219.08723001880645,,,0,0,546.0,experiments/results/distributed_8xH800/phase-a-v2/hybridcvdv/smoke/g8/sc26_transfer_CVtoDV_nq2_c4/r0/result.json
hybridcvdv,smoke,sc26_transfer_CVtoDV_nq4_c8,8,0,ok,25.123951,0.965616,0,39.80265683530428,,,0,0,2166.0,experiments/results/distributed_8xH800/phase-a-v2/hybridcvdv/smoke/g8/sc26_transfer_CVtoDV_nq4_c8/r0/result.json
hybridcvdv,smoke,sc26_transfer_DVtoCV_nq2_c4,8,0,ok,6.051285,0.430029,0,165.25415676174563,,,0,0,543.0,experiments/results/distributed_8xH800/phase-a-v2/hybridcvdv/smoke/g8/sc26_transfer_DVtoCV_nq2_c4/r0/result.json
hybridcvdv,smoke,sc26_transfer_DVtoCV_nq4_c8,8,0,ok,602.830822,1.024398,0,1.6588401977893559,,,0,0,2163.0,experiments/results/distributed_8xH800/phase-a-v2/hybridcvdv/smoke/g8/sc26_transfer_DVtoCV_nq4_c8/r0/result.json
hybridcvdv,smoke,sc26_vqe_nq3_nm2_c4,8,0,crash_host,,,,,,,,,,experiments/results/distributed_8xH800/phase-a-v2/hybridcvdv/smoke/g8/sc26_vqe_nq3_nm2_c4/r0/result.json
hybridcvdv,smoke,sc26_vqe_nq4_nm2_c8,8,0,crash_host,,,,,,,,,,experiments/results/distributed_8xH800/phase-a-v2/hybridcvdv/smoke/g8/sc26_vqe_nq4_nm2_c8/r0/result.json
