电路类型,参数,门数量,总时间,传输时间,计算时间,内存占用
jch_simulation_circuit,num_qubits=10,num_modes=4,timesteps=5,cutoff=8,J=0.1,omega_r=1,omega_q=1,g=0.1,tau=0.1,105,673.669,4.54183,671.111,96489472
vqe_circuit,qubits=10,qumodes=7,depth=2,cutoff=16,194,471.029,0.002228,467.094,96751616
jch_simulation_circuit,num_qubits=5,num_modes=4,timesteps=5,cutoff=8,J=0.1,omega_r=1,omega_q=1,g=0.1,tau=0.1,80,189.865,4.72372,188.892,96489472
jch_simulation_circuit,num_qubits=4,num_modes=3,timesteps=5,cutoff=8,J=0.1,omega_r=1,omega_q=1,g=0.1,tau=0.1,60,170.891,4.42065,169.711,96489472
state_transfer_circuit,CVtoDV,qubits=4,cutoff=8,49,166.841,5.12637,166.002,96751616
qaoa_circuit,qumodes=2,layers=1,cutoff=16,6,260.163,56.8875,259.935,97013760
jch_simulation_circuit,num_qubits=8,num_modes=6,timesteps=5,cutoff=4,J=0.1,omega_r=1,omega_q=1,g=0.1,tau=0.1,125,291.021,4.31733,289.18,96489472
qaoa_circuit,qumodes=4,layers=1,cutoff=16,12,1141.17,300.476,1140.87,97275904
jch_simulation_circuit,num_qubits=6,num_modes=5,timesteps=5,cutoff=4,J=0.1,omega_r=1,omega_q=1,g=0.1,tau=0.1,100,433.903,4.21887,431.495,96489472
jch_simulation_circuit,num_qubits=10,num_modes=3,timesteps=5,cutoff=16,J=0.1,omega_r=1,omega_q=1,g=0.1,tau=0.1,90,10471.7,195.981,10469.5,97013760
qft_circuit,n=4,a=1,append=2,cutoff=4,54,239.343,8.81756,237.792,96489472
vqe_circuit,qubits=5,qumodes=5,depth=2,cutoff=16,80,51216.5,845.964,51212.7,97013760
jch_simulation_circuit,num_qubits=8,num_modes=5,timesteps=5,cutoff=16,0,0,0,0,0,Failed to allocate GPU memory
qaoa_circuit,qumodes=4,layers=1,cutoff=4,12,21.6385,4.76925,21.4526,96751616
state_transfer_circuit,CVtoDV,qubits=16,cutoff=32,577,2504.99,4.35756,2497.17,96751616
vqe_circuit,qubits=6,qumodes=6,depth=2,cutoff=4,108,267.681,8.59799,266.408,96751616
jch_simulation_circuit,num_qubits=7,num_modes=5,timesteps=5,cutoff=4,J=0.1,omega_r=1,omega_q=1,g=0.1,tau=0.1,105,368.173,4.1351,366.517,96489472
qaoa_circuit,qumodes=1,layers=1,cutoff=32,3,13.4943,3.42388,13.4029,97275904
state_transfer_circuit,CVtoDV,qubits=4,cutoff=16,49,4421.72,77.8109,4420.08,97013760
jch_simulation_circuit,num_qubits=3,num_modes=5,timesteps=5,cutoff=4,J=0.1,omega_r=1,omega_q=1,g=0.1,tau=0.1,75,326.477,4.42294,324.399,96489472
jch_simulation_circuit,num_qubits=3,num_modes=4,timesteps=5,cutoff=4,J=0.1,omega_r=1,omega_q=1,g=0.1,tau=0.1,65,277.301,4.36791,275.901,96489472
vqe_circuit,qubits=5,qumodes=7,depth=2,cutoff=8,104,26367.6,75.0112,26362.4,96751616
jch_simulation_circuit,num_qubits=9,num_modes=7,timesteps=5,cutoff=8,0,0,0,0,0,Failed to allocate GPU memory
qft_circuit,n=4,a=1,append=2,cutoff=8,54,188.859,4.60115,187.637,96489472
jch_simulation_circuit,num_qubits=6,num_modes=4,timesteps=5,cutoff=16,J=0.1,omega_r=1,omega_q=1,g=0.1,tau=0.1,85,446.912,3.92005,441.342,97013760
jch_simulation_circuit,num_qubits=9,num_modes=3,timesteps=5,cutoff=8,J=0.1,omega_r=1,omega_q=1,g=0.1,tau=0.1,85,741.951,12.6757,740.501,96489472
qaoa_circuit,qumodes=2,layers=1,cutoff=32,6,26.2144,4.36539,26.0754,97275904
jch_simulation_circuit,num_qubits=10,num_modes=4,timesteps=5,cutoff=16,J=0.1,omega_r=1,omega_q=1,g=0.1,tau=0.1,105,5268.8,8.85846,5264.35,97013760
vqe_circuit,qubits=4,qumodes=5,depth=2,cutoff=4,66,267.477,5.23064,266.239,96751616
vqe_circuit,qubits=8,qumodes=5,depth=2,cutoff=16,122,37559.9,36.207,37554.5,97013760
jch_simulation_circuit,num_qubits=10,num_modes=5,timesteps=5,cutoff=8,J=0.1,omega_r=1,omega_q=1,g=0.1,tau=0.1,120,8671.47,49.7845,8666.71,96489472
vqe_circuit,qubits=3,qumodes=4,depth=2,cutoff=4,44,137.857,4.28746,137.201,96751616
vqe_circuit,qubits=7,qumodes=5,depth=2,cutoff=4,108,206.663,4.25814,205.39,96751616
vqe_circuit,qubits=9,qumodes=4,depth=2,cutoff=16,116,40122.9,82.2695,40117.7,97013760
jch_simulation_circuit,num_qubits=7,num_modes=4,timesteps=5,cutoff=4,J=0.1,omega_r=1,omega_q=1,g=0.1,tau=0.1,90,315.553,4.40481,313.741,96489472
qft_circuit,n=5,a=1,append=3,cutoff=16,67,4218.36,85.2899,4211.08,97013760
jch_simulation_circuit,num_qubits=6,num_modes=7,timesteps=5,cutoff=8,J=0.1,omega_r=1,omega_q=1,g=0.1,tau=0.1,125,19429.4,156.111,19424.2,97013760
state_transfer_circuit,DVtoCV,qubits=4,cutoff=16,49,4218.6,149.367,4216.99,97013760
state_transfer_circuit,DVtoCV,qubits=4,cutoff=8,49,166.968,5.10491,166.094,96751616
vqe_circuit,qubits=6,qumodes=3,depth=2,cutoff=8,66,525.531,11.149,524.264,96751616
qft_circuit,n=2,a=1,append=2,cutoff=16,40,5571.4,203.442,5570.45,97013760
vqe_circuit,qubits=4,qumodes=7,depth=2,cutoff=16,86,0.543051,0.000371,0.047822,97013760
jch_simulation_circuit,num_qubits=9,num_modes=3,timesteps=5,cutoff=4,J=0.1,omega_r=1,omega_q=1,g=0.1,tau=0.1,85,377.63,8.73104,375.467,96489472
jch_simulation_circuit,num_qubits=7,num_modes=3,timesteps=5,cutoff=4,J=0.1,omega_r=1,omega_q=1,g=0.1,tau=0.1,75,333.447,4.37556,331.227,96489472
jch_simulation_circuit,num_qubits=10,num_modes=6,timesteps=5,cutoff=16,J=0.1,omega_r=1,omega_q=1,g=0.1,tau=0.1,135,1890.13,0.004046,1888.02,97013760
jch_simulation_circuit,num_qubits=7,num_modes=3,timesteps=5,cutoff=8,J=0.1,omega_r=1,omega_q=1,g=0.1,tau=0.1,75,132.937,4.72519,132.014,96489472
state_transfer_circuit,CVtoDV,qubits=8,cutoff=32,161,515.295,4.22653,511.315,97275904
vqe_circuit,qubits=7,qumodes=6,depth=2,cutoff=8,124,4364.84,28.7687,4359.41,97013760
jch_simulation_circuit,num_qubits=9,num_modes=6,timesteps=5,cutoff=4,J=0.1,omega_r=1,omega_q=1,g=0.1,tau=0.1,130,306.137,4.28837,303.997,96489472
vqe_circuit,qubits=10,qumodes=6,depth=2,cutoff=4,172,2800.78,5.48594,2796.19,96751616
jch_simulation_circuit,num_qubits=3,num_modes=3,timesteps=5,cutoff=8,J=0.1,omega_r=1,omega_q=1,g=0.1,tau=0.1,55,228.211,4.6093,226.971,96489472
vqe_circuit,qubits=8,qumodes=6,depth=2,cutoff=8,140,32830.8,81.9767,32824.3,97013760
jch_simulation_circuit,num_qubits=9,num_modes=4,timesteps=5,cutoff=4,J=0.1,omega_r=1,omega_q=1,g=0.1,tau=0.1,100,377.958,4.31616,376.126,96489472
vqe_circuit,qubits=5,qumodes=6,depth=2,cutoff=16,92,40655.2,41.4187,40650.8,97275904
jch_simulation_circuit,num_qubits=6,num_modes=5,timesteps=5,cutoff=8,J=0.1,omega_r=1,omega_q=1,g=0.1,tau=0.1,100,1837.63,11.0941,1835.35,96489472
vqe_circuit,qubits=8,qumodes=6,depth=2,cutoff=16,140,34389.8,0.005113,34386.2,97013760
vqe_circuit,qubits=10,qumodes=7,depth=2,cutoff=4,194,3427.71,4.12937,3420.14,96751616
vqe_circuit,num_qubits=10,num_modes=5,cutoff=16,0,0,0,0,0,Failed to allocate GPU memory
state_transfer_circuit,DVtoCV,qubits=4,cutoff=4,49,217.051,4.36066,215.705,96751616
jch_simulation_circuit,num_qubits=9,num_modes=3,timesteps=5,cutoff=16,J=0.1,omega_r=1,omega_q=1,g=0.1,tau=0.1,85,9467.4,57.5665,9465.51,97013760
vqe_circuit,qubits=3,qumodes=3,depth=2,cutoff=4,36,86.867,4.227,86.3862,96751616
jch_simulation_circuit,num_qubits=3,num_modes=6,timesteps=5,cutoff=8,J=0.1,omega_r=1,omega_q=1,g=0.1,tau=0.1,85,306.217,4.20139,304.843,96489472
jch_simulation_circuit,num_qubits=6,num_modes=3,timesteps=5,cutoff=8,J=0.1,omega_r=1,omega_q=1,g=0.1,tau=0.1,70,624.6,12.402,623.056,96489472
vqe_circuit,qubits=9,qumodes=7,depth=2,cutoff=4,176,1825.54,4.15885,1819.9,96751616
jch_simulation_circuit,num_qubits=8,num_modes=4,timesteps=5,cutoff=8,J=0.1,omega_r=1,omega_q=1,g=0.1,tau=0.1,95,457.106,4.88356,455.55,96489472
jch_simulation_circuit,num_qubits=7,num_modes=5,timesteps=5,cutoff=8,J=0.1,omega_r=1,omega_q=1,g=0.1,tau=0.1,105,1790.64,5.28325,1788.06,96489472
vqe_circuit,qubits=10,qumodes=6,depth=2,cutoff=16,172,267.2,0.006174,264.758,96751616
jch_simulation_circuit,num_qubits=4,num_modes=5,timesteps=5,cutoff=4,J=0.1,omega_r=1,omega_q=1,g=0.1,tau=0.1,85,154.354,4.63877,153.124,96489472
qaoa_circuit,qumodes=8,layers=1,cutoff=8,24,1578.06,41.9778,1576.9,97013760
jch_simulation_circuit,num_qubits=10,num_modes=6,timesteps=5,cutoff=4,J=0.1,omega_r=1,omega_q=1,g=0.1,tau=0.1,135,939.876,4.26375,936.371,96489472
jch_simulation_circuit,num_qubits=6,num_modes=6,timesteps=5,cutoff=16,0,0,0,0,0,Failed to allocate GPU memory
vqe_circuit,qubits=3,qumodes=7,depth=2,cutoff=4,68,185.16,3.99241,184.328,96751616
vqe_circuit,qubits=9,qumodes=4,depth=2,cutoff=8,116,432.794,6.04107,430.689,96751616
jch_simulation_circuit,num_qubits=8,num_modes=6,timesteps=5,cutoff=16,J=0.1,omega_r=1,omega_q=1,g=0.1,tau=0.1,125,3215.79,0.00603,3213.26,97013760
state_transfer_circuit,DVtoCV,qubits=8,cutoff=32,161,4652.66,71.4992,4646.92,97275904
cat_state_circuit,num_qubits=1,num_qumodes=1,alpha=1,cutoff=16,10,380.549,57.3027,380.22,97013760
jch_simulation_circuit,num_qubits=3,num_modes=6,timesteps=5,cutoff=16,J=0.1,omega_r=1,omega_q=1,g=0.1,tau=0.1,85,6824.57,13.3539,6820.81,97013760
jch_simulation_circuit,num_qubits=4,num_modes=4,timesteps=5,cutoff=16,J=0.1,omega_r=1,omega_q=1,g=0.1,tau=0.1,75,11197.7,280.545,11196.1,97013760
jch_simulation_circuit,num_qubits=5,num_modes=3,timesteps=5,cutoff=8,J=0.1,omega_r=1,omega_q=1,g=0.1,tau=0.1,65,556.047,5.89938,554.48,96489472
jch_simulation_circuit,num_qubits=8,num_modes=3,timesteps=5,cutoff=16,J=0.1,omega_r=1,omega_q=1,g=0.1,tau=0.1,80,12272.9,182.725,12271.2,97013760
state_transfer_circuit,DVtoCV,qubits=2,cutoff=16,17,1088.66,76.1803,1088.07,97013760
jch_simulation_circuit,num_qubits=5,num_modes=7,timesteps=5,cutoff=8,J=0.1,omega_r=1,omega_q=1,g=0.1,tau=0.1,115,6941.43,16.5283,6936.27,97013760
qaoa_circuit,qumodes=1,layers=1,cutoff=4,3,26.5662,4.24446,26.4678,96227328
vqe_circuit,qubits=3,qumodes=4,depth=2,cutoff=8,44,19111.8,583.689,19110.6,96751616
vqe_circuit,qubits=10,qumodes=3,depth=2,cutoff=16,106,6975.05,57.0627,6972,97013760
vqe_circuit,qubits=3,qumodes=5,depth=2,cutoff=4,52,212.091,5.25464,211.026,96751616
jch_simulation_circuit,num_qubits=7,num_modes=3,timesteps=5,cutoff=16,J=0.1,omega_r=1,omega_q=1,g=0.1,tau=0.1,75,371.131,3.65794,367.272,97013760
jch_simulation_circuit,num_qubits=3,num_modes=4,timesteps=5,cutoff=16,J=0.1,omega_r=1,omega_q=1,g=0.1,tau=0.1,65,404.121,4.40645,399.921,97013760
jch_simulation_circuit,num_qubits=6,num_modes=4,timesteps=5,cutoff=4,J=0.1,omega_r=1,omega_q=1,g=0.1,tau=0.1,85,354.455,4.37481,352.401,96489472
jch_simulation_circuit,num_qubits=9,num_modes=5,timesteps=5,cutoff=4,J=0.1,omega_r=1,omega_q=1,g=0.1,tau=0.1,115,227.971,4.53993,226.425,96489472
jch_simulation_circuit,num_qubits=9,num_modes=6,timesteps=5,cutoff=16,J=0.1,omega_r=1,omega_q=1,g=0.1,tau=0.1,130,101.642,0.003523,100.367,97013760
cat_state_circuit,num_qubits=1,num_qumodes=1,alpha=1,cutoff=4,10,53.1776,8.69117,52.8591,96489472
jch_simulation_circuit,num_qubits=5,num_modes=5,timesteps=5,cutoff=4,J=0.1,omega_r=1,omega_q=1,g=0.1,tau=0.1,95,279.714,4.49383,278.3,96489472
jch_simulation_circuit,num_qubits=4,num_modes=3,timesteps=5,cutoff=16,J=0.1,omega_r=1,omega_q=1,g=0.1,tau=0.1,60,4221.56,58.2735,4220.09,96489472
vqe_circuit,qubits=9,qumodes=3,depth=2,cutoff=4,96,332.985,4.46256,331.466,96751616
jch_simulation_circuit,num_qubits=4,num_modes=6,timesteps=5,cutoff=4,J=0.1,omega_r=1,omega_q=1,g=0.1,tau=0.1,95,186.459,4.72178,185.393,96489472
qaoa_circuit,qumodes=8,layers=1,cutoff=16,24,0.188314,0.000522,0.020365,97275904
qaoa_circuit,qumodes=1,layers=1,cutoff=16,3,16.2132,5.33336,16.1277,97013760
vqe_circuit,qubits=9,qumodes=4,depth=2,cutoff=4,116,79.6873,4.31005,78.7223,96751616
qaoa_circuit,qumodes=8,layers=1,cutoff=4,24,56.0448,3.57834,55.7304,96751616
vqe_circuit,qubits=5,qumodes=3,depth=2,cutoff=4,56,74.1156,4.45798,73.5995,96751616
vqe_circuit,qubits=9,qumodes=5,depth=2,cutoff=8,136,2202.5,4.60636,2197.53,96751616
vqe_circuit,qubits=7,qumodes=5,depth=2,cutoff=8,108,526.533,4.14965,523.794,96751616
jch_simulation_circuit,num_qubits=10,num_modes=5,timesteps=5,cutoff=4,J=0.1,omega_r=1,omega_q=1,g=0.1,tau=0.1,120,382.496,4.25016,380.149,96489472
jch_simulation_circuit,num_qubits=6,num_modes=6,timesteps=5,cutoff=8,J=0.1,omega_r=1,omega_q=1,g=0.1,tau=0.1,115,12383.3,17.4062,12378.8,97013760
state_transfer_circuit,DVtoCV,qubits=16,cutoff=32,577,11886.3,3.37645,11875.6,96751616
vqe_circuit,qubits=6,qumodes=3,depth=2,cutoff=16,66,3961.61,27.2107,3960.13,97013760
vqe_circuit,qubits=7,qumodes=4,depth=2,cutoff=8,92,696.544,4.92906,694.873,96751616
state_transfer_circuit,CVtoDV,qubits=16,cutoff=4,577,1392.13,4.20492,1385.1,96751616
jch_simulation_circuit,num_qubits=8,num_modes=7,timesteps=5,cutoff=4,J=0.1,omega_r=1,omega_q=1,g=0.1,tau=0.1,140,1384.63,5.87314,1380.74,96489472
jch_simulation_circuit,num_qubits=5,num_modes=6,timesteps=5,cutoff=8,J=0.1,omega_r=1,omega_q=1,g=0.1,tau=0.1,105,926.947,4.81701,923.605,96489472
jch_simulation_circuit,num_qubits=8,num_modes=7,timesteps=5,cutoff=8,0,0,0,0,0,Failed to allocate GPU memory
vqe_circuit,qubits=3,qumodes=6,depth=2,cutoff=16,60,6515.92,8.07271,6513.27,97013760
qft_circuit,n=4,a=1,append=2,cutoff=32,54,240.05,4.02617,236.881,97013760
vqe_circuit,qubits=4,qumodes=3,depth=2,cutoff=4,46,200.868,4.40503,199.958,96751616
vqe_circuit,qubits=9,qumodes=6,depth=2,cutoff=16,156,366.193,0.00377,363.098,97275904
vqe_circuit,qubits=6,qumodes=4,depth=2,cutoff=16,80,36838.7,570.422,36836.7,97275904
jch_simulation_circuit,num_qubits=7,num_modes=6,timesteps=5,cutoff=16,0,0,0,0,0,Failed to allocate GPU memory
vqe_circuit,qubits=3,qumodes=5,depth=2,cutoff=8,52,87.6384,3.81507,86.9468,96751616
jch_simulation_circuit,num_qubits=5,num_modes=3,timesteps=5,cutoff=16,J=0.1,omega_r=1,omega_q=1,g=0.1,tau=0.1,65,290.652,1.36578,286.153,97013760
vqe_circuit,qubits=4,qumodes=4,depth=2,cutoff=16,56,24943.4,360.444,24941.9,97013760
vqe_circuit,qubits=6,qumodes=3,depth=2,cutoff=4,66,150.406,4.04957,149.406,96751616
vqe_circuit,qubits=3,qumodes=7,depth=2,cutoff=8,68,1926.86,37.1209,1924.39,96751616
jch_simulation_circuit,num_qubits=9,num_modes=6,timesteps=5,cutoff=8,J=0.1,omega_r=1,omega_q=1,g=0.1,tau=0.1,130,17677.3,36.504,17671.7,97013760
vqe_circuit,qubits=8,qumodes=3,depth=2,cutoff=8,86,292.562,4.46167,291.411,96751616
vqe_circuit,qubits=7,qumodes=3,depth=2,cutoff=4,76,289.273,4.26334,287.805,96751616
vqe_circuit,qubits=4,qumodes=3,depth=2,cutoff=16,46,832.544,12.1972,831.52,97013760
state_transfer_circuit,DVtoCV,qubits=16,cutoff=4,577,1095.91,4.23053,1089.05,96751616
state_transfer_circuit,DVtoCV,qubits=8,cutoff=8,161,365.066,5.14046,362.325,96751616
jch_simulation_circuit,num_qubits=3,num_modes=3,timesteps=5,cutoff=4,J=0.1,omega_r=1,omega_q=1,g=0.1,tau=0.1,55,257.073,4.24513,255.555,96489472
jch_simulation_circuit,num_qubits=6,num_modes=3,timesteps=5,cutoff=4,J=0.1,omega_r=1,omega_q=1,g=0.1,tau=0.1,70,299.728,4.32799,298.274,96489472
vqe_circuit,qubits=4,qumodes=6,depth=2,cutoff=4,76,821.938,11.3457,820.698,96751616
jch_simulation_circuit,num_qubits=4,num_modes=7,timesteps=5,cutoff=8,J=0.1,omega_r=1,omega_q=1,g=0.1,tau=0.1,105,6182.73,15.8428,6178.92,97013760
vqe_circuit,qubits=7,qumodes=7,depth=2,cutoff=4,140,796.622,4.41089,793.456,96751616
vqe_circuit,qubits=8,qumodes=4,depth=2,cutoff=4,104,284.887,4.52104,283.644,96751616
jch_simulation_circuit,num_qubits=7,num_modes=7,timesteps=5,cutoff=4,J=0.1,omega_r=1,omega_q=1,g=0.1,tau=0.1,135,1245.89,4.62879,1243.02,96489472
jch_simulation_circuit,num_qubits=5,num_modes=6,timesteps=5,cutoff=16,0,0,0,0,0,Failed to allocate GPU memory
vqe_circuit,qubits=4,qumodes=7,depth=2,cutoff=8,86,19050.6,29.1374,19046.7,97013760
jch_simulation_circuit,num_qubits=4,num_modes=6,timesteps=5,cutoff=8,J=0.1,omega_r=1,omega_q=1,g=0.1,tau=0.1,95,3328.23,18.5348,3325.33,96489472
state_transfer_circuit,CVtoDV,qubits=8,cutoff=4,161,703.207,4.36543,699.353,96751616
jch_simulation_circuit,num_qubits=9,num_modes=5,timesteps=5,cutoff=8,J=0.1,omega_r=1,omega_q=1,g=0.1,tau=0.1,115,4073,30.6589,4068.73,96489472
qft_circuit,n=2,a=1,append=0,cutoff=8,28,299.361,6.10146,298.877,96489472
vqe_circuit,qubits=8,qumodes=7,depth=2,cutoff=8,158,99700.9,364.187,99692,97013760
jch_simulation_circuit,num_qubits=5,num_modes=7,timesteps=5,cutoff=4,J=0.1,omega_r=1,omega_q=1,g=0.1,tau=0.1,115,239.891,4.70294,238.633,96489472
qaoa_circuit,qumodes=4,layers=1,cutoff=8,12,3236.51,347.706,3236.16,96751616
vqe_circuit,qubits=10,qumodes=3,depth=2,cutoff=8,106,247.158,4.84129,245.53,96751616
jch_simulation_circuit,num_qubits=4,num_modes=6,timesteps=5,cutoff=16,0,0,0,0,0,Failed to allocate GPU memory
vqe_circuit,qubits=7,qumodes=3,depth=2,cutoff=8,76,17985,289.195,17983.2,96751616
jch_simulation_circuit,num_qubits=4,num_modes=5,timesteps=5,cutoff=16,J=0.1,omega_r=1,omega_q=1,g=0.1,tau=0.1,85,2615.62,11.1402,2612.75,97013760
vqe_circuit,qubits=9,qumodes=5,depth=2,cutoff=4,136,1050.75,8.42128,1048.58,96751616
jch_simulation_circuit,num_qubits=5,num_modes=4,timesteps=5,cutoff=4,J=0.1,omega_r=1,omega_q=1,g=0.1,tau=0.1,80,353.138,4.37023,351.182,96489472
jch_simulation_circuit,num_qubits=5,num_modes=6,timesteps=5,cutoff=4,J=0.1,omega_r=1,omega_q=1,g=0.1,tau=0.1,105,127.135,4.45967,126.083,96489472
jch_simulation_circuit,num_qubits=4,num_modes=7,timesteps=5,cutoff=4,J=0.1,omega_r=1,omega_q=1,g=0.1,tau=0.1,105,271.677,4.79884,270.188,96489472
vqe_circuit,qubits=4,qumodes=5,depth=2,cutoff=16,66,973.984,3.30052,971.781,97275904
vqe_circuit,qubits=8,qumodes=5,depth=2,cutoff=4,122,366.373,4.70398,364.891,96751616
vqe_circuit,qubits=8,qumodes=5,depth=2,cutoff=8,122,2776.86,18.7209,2773.23,96751616
vqe_circuit,qubits=9,qumodes=6,depth=2,cutoff=4,156,536.273,4.18001,533.344,96751616
qft_circuit,n=4,a=1,append=2,cutoff=16,54,2487.08,37.0147,2485.33,97013760
state_transfer_circuit,CVtoDV,qubits=8,cutoff=8,161,2623.58,11.7491,2619.48,96751616
jch_simulation_circuit,num_qubits=7,num_modes=7,timesteps=5,cutoff=8,J=0.1,omega_r=1,omega_q=1,g=0.1,tau=0.1,135,22122.5,25.1642,22115.9,97013760
state_transfer_circuit,CVtoDV,qubits=4,cutoff=4,49,217.019,4.37473,215.449,96751616
vqe_circuit,qubits=10,qumodes=3,depth=2,cutoff=4,106,149.956,4.41395,148.756,96751616
jch_simulation_circuit,num_qubits=8,num_modes=3,timesteps=5,cutoff=8,J=0.1,omega_r=1,omega_q=1,g=0.1,tau=0.1,80,697.554,5.89422,696.146,96489472
qft_circuit,n=5,a=1,append=3,cutoff=32,67,296.255,4.1093,295.293,97013760
vqe_circuit,num_qubits=6,num_modes=6,cutoff=16,0,0,0,0,0,Failed to allocate GPU memory
jch_simulation_circuit,num_qubits=7,num_modes=7,timesteps=5,cutoff=16,J=0.1,omega_r=1,omega_q=1,g=0.1,tau=0.1,135,8519.94,0.003033,8517.03,97013760
vqe_circuit,qubits=4,qumodes=4,depth=2,cutoff=8,56,13203.2,352.813,13201.8,96751616
vqe_circuit,qubits=7,qumodes=3,depth=2,cutoff=16,76,1194.33,4.93906,1192.63,97275904
vqe_circuit,qubits=6,qumodes=5,depth=2,cutoff=16,94,5257.79,3.70564,5253.7,97275904
vqe_circuit,qubits=4,qumodes=5,depth=2,cutoff=8,66,952.029,10.7164,950.885,96751616
jch_simulation_circuit,num_qubits=8,num_modes=4,timesteps=5,cutoff=16,J=0.1,omega_r=1,omega_q=1,g=0.1,tau=0.1,95,1252.65,3.68326,1249.09,97013760
vqe_circuit,qubits=4,qumodes=3,depth=2,cutoff=8,46,488.375,18.5281,487.351,96751616
vqe_circuit,qubits=7,qumodes=5,depth=2,cutoff=16,108,27606.9,562.411,27602,97013760
jch_simulation_circuit,num_qubits=4,num_modes=4,timesteps=5,cutoff=8,J=0.1,omega_r=1,omega_q=1,g=0.1,tau=0.1,75,300.341,4.84933,298.956,96489472
vqe_circuit,qubits=4,qumodes=7,depth=2,cutoff=4,86,197.089,3.37887,196.089,96751616
qft_circuit,n=2,a=1,append=2,cutoff=8,40,354.871,5.87725,354.049,96489472
jch_simulation_circuit,num_qubits=8,num_modes=6,timesteps=5,cutoff=8,J=0.1,omega_r=1,omega_q=1,g=0.1,tau=0.1,125,16164.7,148.196,16159,97013760
vqe_circuit,qubits=5,qumodes=4,depth=2,cutoff=16,68,326.873,4.29758,324.8,97275904
qft_circuit,n=2,a=1,append=0,cutoff=32,28,123.836,3.6909,122.872,97013760
vqe_circuit,qubits=4,qumodes=4,depth=2,cutoff=4,56,163.052,4.41803,162.217,96751616
vqe_circuit,qubits=9,qumodes=7,depth=2,cutoff=16,176,343.166,0.000492,340.235,97275904
gkp_state_circuit,num_qubits=1,num_qumodes=1,N_rounds=9,r=0.222,qumode_idx=0,cutoff=8,65,160.52,4.48737,159.205,96489472
jch_simulation_circuit,num_qubits=5,num_modes=4,timesteps=5,cutoff=16,J=0.1,omega_r=1,omega_q=1,g=0.1,tau=0.1,80,4689.28,76.1709,4687.47,97013760
jch_simulation_circuit,num_qubits=5,num_modes=7,timesteps=5,cutoff=16,J=0.1,omega_r=1,omega_q=1,g=0.1,tau=0.1,115,4916.33,0.004286,4914.22,97013760
vqe_circuit,qubits=4,qumodes=6,depth=2,cutoff=16,76,52356.2,636.887,52351.5,97013760
state_transfer_circuit,CVtoDV,qubits=4,cutoff=32,49,922.009,24.3895,920.573,96751616
vqe_circuit,qubits=8,qumodes=6,depth=2,cutoff=4,140,534.065,4.88919,531.648,96751616
jch_simulation_circuit,num_qubits=9,num_modes=7,timesteps=5,cutoff=4,J=0.1,omega_r=1,omega_q=1,g=0.1,tau=0.1,145,1433.21,5.25399,1428.75,96489472
state_transfer_circuit,CVtoDV,qubits=2,cutoff=8,17,56.5237,4.95365,56.2031,96751616
vqe_circuit,qubits=5,qumodes=6,depth=2,cutoff=4,92,305.571,4.65618,304.117,96751616
cat_state_circuit,num_qubits=1,num_qumodes=1,alpha=1,cutoff=8,10,119.358,18.424,119.019,96489472
vqe_circuit,qubits=7,qumodes=4,depth=2,cutoff=4,92,245.814,4.51893,244.678,96751616
vqe_circuit,qubits=7,qumodes=4,depth=2,cutoff=16,92,10631.3,77.9376,10628,97013760
vqe_circuit,qubits=6,qumodes=5,depth=2,cutoff=4,94,206.109,4.29893,204.9,96751616
jch_simulation_circuit,num_qubits=4,num_modes=3,timesteps=5,cutoff=4,J=0.1,omega_r=1,omega_q=1,g=0.1,tau=0.1,60,270.872,4.38391,269.08,96489472
jch_simulation_circuit,num_qubits=5,num_modes=5,timesteps=5,cutoff=8,J=0.1,omega_r=1,omega_q=1,g=0.1,tau=0.1,95,593.67,4.87565,591.832,96489472
state_transfer_circuit,DVtoCV,qubits=2,cutoff=8,17,101.243,6.02448,100.914,96751616
jch_simulation_circuit,num_qubits=6,num_modes=3,timesteps=5,cutoff=16,J=0.1,omega_r=1,omega_q=1,g=0.1,tau=0.1,70,325.763,2.9247,321.921,97013760
vqe_circuit,qubits=7,qumodes=7,depth=2,cutoff=16,140,0.991662,0.004608,0.102361,97275904
vqe_circuit,qubits=9,qumodes=6,depth=2,cutoff=8,156,21273.3,16.9741,21265.7,96751616
vqe_circuit,qubits=10,qumodes=4,depth=2,cutoff=8,128,104812,432.288,104807,97013760
state_transfer_circuit,DVtoCV,qubits=8,cutoff=16,161,4132.17,11.2317,4128.34,97013760
gkp_state_circuit,num_qubits=1,num_qumodes=1,N_rounds=9,r=0.222,qumode_idx=0,cutoff=4,65,301.434,13.0655,299.554,96489472
vqe_circuit,qubits=8,qumodes=3,depth=2,cutoff=16,86,3090.39,17.8813,3088.78,97013760
jch_simulation_circuit,num_qubits=9,num_modes=5,timesteps=5,cutoff=16,0,0,0,0,0,Failed to allocate GPU memory
jch_simulation_circuit,num_qubits=6,num_modes=4,timesteps=5,cutoff=8,J=0.1,omega_r=1,omega_q=1,g=0.1,tau=0.1,85,165.074,4.38998,164.108,96489472
jch_simulation_circuit,num_qubits=3,num_modes=6,timesteps=5,cutoff=4,J=0.1,omega_r=1,omega_q=1,g=0.1,tau=0.1,85,275.207,4.32342,273.752,96489472
jch_simulation_circuit,num_qubits=6,num_modes=5,timesteps=5,cutoff=16,J=0.1,omega_r=1,omega_q=1,g=0.1,tau=0.1,100,10519.2,15.8379,10515.1,97013760
vqe_circuit,qubits=7,qumodes=6,depth=2,cutoff=4,124,1682.05,17.4703,1679.74,96751616
jch_simulation_circuit,num_qubits=5,num_modes=5,timesteps=5,cutoff=16,J=0.1,omega_r=1,omega_q=1,g=0.1,tau=0.1,95,3332.52,8.79158,3328.67,97013760
vqe_circuit,qubits=5,qumodes=7,depth=2,cutoff=4,104,1584.13,11.8052,1582.18,96751616
jch_simulation_circuit,num_qubits=10,num_modes=5,timesteps=5,cutoff=16,0,0,0,0,0,Failed to allocate GPU memory
jch_simulation_circuit,num_qubits=6,num_modes=7,timesteps=5,cutoff=16,J=0.1,omega_r=1,omega_q=1,g=0.1,tau=0.1,125,1.43362,0.005408,0.128183,97013760
vqe_circuit,qubits=5,qumodes=4,depth=2,cutoff=8,68,17629.7,169.718,17628,96751616
vqe_circuit,num_qubits=10,num_modes=7,cutoff=8,0,0,0,0,0,Failed to allocate GPU memory
vqe_circuit,qubits=5,qumodes=7,depth=2,cutoff=16,104,515.732,0.001743,514.058,97275904
qaoa_circuit,qumodes=2,layers=1,cutoff=8,6,77.2614,18.5268,77.1501,96751616
vqe_circuit,qubits=3,qumodes=3,depth=2,cutoff=16,36,149.117,7.80944,148.202,97275904
state_transfer_circuit,DVtoCV,qubits=2,cutoff=32,17,72.5609,4.46288,72.0126,97275904
cat_state_circuit,num_qubits=1,num_qumodes=1,alpha=1,cutoff=32,10,44.9225,3.96687,44.3508,97013760
jch_simulation_circuit,num_qubits=5,num_modes=3,timesteps=5,cutoff=4,J=0.1,omega_r=1,omega_q=1,g=0.1,tau=0.1,65,293.117,4.34207,291.182,96489472
vqe_circuit,qubits=9,qumodes=3,depth=2,cutoff=16,96,374.518,4.16492,372.55,97275904
jch_simulation_circuit,num_qubits=8,num_modes=3,timesteps=5,cutoff=4,J=0.1,omega_r=1,omega_q=1,g=0.1,tau=0.1,80,302.15,4.47528,300.442,96489472
state_transfer_circuit,CVtoDV,qubits=2,cutoff=32,17,376.76,10.1549,376.093,97275904
jch_simulation_circuit,num_qubits=3,num_modes=3,timesteps=5,cutoff=16,J=0.1,omega_r=1,omega_q=1,g=0.1,tau=0.1,55,3074.98,32.3942,3073.75,97013760
jch_simulation_circuit,num_qubits=10,num_modes=7,timesteps=5,cutoff=4,J=0.1,omega_r=1,omega_q=1,g=0.1,tau=0.1,150,1583.88,10.1182,1578.41,96489472
jch_simulation_circuit,num_qubits=8,num_modes=5,timesteps=5,cutoff=4,J=0.1,omega_r=1,omega_q=1,g=0.1,tau=0.1,110,192.846,4.21082,191.573,96489472
vqe_circuit,qubits=3,qumodes=6,depth=2,cutoff=8,60,60682.3,1161.41,60680.2,97013760
vqe_circuit,qubits=8,qumodes=4,depth=2,cutoff=8,104,423.115,4.47447,421.243,96751616
jch_simulation_circuit,num_qubits=10,num_modes=4,timesteps=5,cutoff=4,J=0.1,omega_r=1,omega_q=1,g=0.1,tau=0.1,105,414.404,4.17359,412.605,96489472
vqe_circuit,qubits=9,qumodes=3,depth=2,cutoff=8,96,17647.4,23.811,17645.5,96751616
jch_simulation_circuit,num_qubits=4,num_modes=7,timesteps=5,cutoff=16,J=0.1,omega_r=1,omega_q=1,g=0.1,tau=0.1,105,60.9711,0.005032,59.3968,97013760
vqe_circuit,qubits=10,qumodes=5,depth=2,cutoff=4,150,521.872,4.22351,519.363,96751616
state_transfer_circuit,CVtoDV,qubits=16,cutoff=8,577,19932.8,4.41427,19924.4,96751616
qft_circuit,n=2,a=1,append=2,cutoff=32,40,176.854,4.0218,175.904,97013760
vqe_circuit,qubits=3,qumodes=4,depth=2,cutoff=16,44,20609.6,413.217,20608.4,97013760
vqe_circuit,num_qubits=3,num_modes=7,cutoff=16,0,0,0,0,0,Failed to allocate GPU memory
qft_circuit,n=5,a=1,append=3,cutoff=4,67,297.853,4.38364,295.774,96489472
state_transfer_circuit,CVtoDV,qubits=2,cutoff=16,17,79.4893,5.76011,78.9822,97013760
state_transfer_circuit,DVtoCV,qubits=16,cutoff=8,577,28677.8,4.68862,28667.9,96751616
vqe_circuit,qubits=10,qumodes=4,depth=2,cutoff=16,128,7005.18,6.79714,6999.87,97275904
state_transfer_circuit,DVtoCV,qubits=16,cutoff=16,577,49475.8,406.2,49466.6,97275904
vqe_circuit,qubits=3,qumodes=6,depth=2,cutoff=4,60,236.043,4.59288,235.064,96751616
jch_simulation_circuit,num_qubits=10,num_modes=7,timesteps=5,cutoff=16,J=0.1,omega_r=1,omega_q=1,g=0.1,tau=0.1,150,4660.78,0.002646,4656.87,97013760
qft_circuit,n=5,a=1,append=3,cutoff=8,67,393.801,5.76002,392.317,96489472
vqe_circuit,qubits=6,qumodes=7,depth=2,cutoff=4,122,715.317,18.4158,712.866,96751616
jch_simulation_circuit,num_qubits=10,num_modes=3,timesteps=5,cutoff=4,J=0.1,omega_r=1,omega_q=1,g=0.1,tau=0.1,90,400.161,4.35636,397.795,96489472
jch_simulation_circuit,num_qubits=9,num_modes=7,timesteps=5,cutoff=16,J=0.1,omega_r=1,omega_q=1,g=0.1,tau=0.1,145,207.117,0.002996,204.814,97013760
qaoa_circuit,qumodes=2,layers=1,cutoff=4,6,22.2951,4.39678,22.151,96751616
jch_simulation_circuit,num_qubits=3,num_modes=7,timesteps=5,cutoff=16,0,0,0,0,0,Failed to allocate GPU memory
jch_simulation_circuit,num_qubits=3,num_modes=7,timesteps=5,cutoff=8,J=0.1,omega_r=1,omega_q=1,g=0.1,tau=0.1,95,10426.1,28.263,10422.4,97013760
jch_simulation_circuit,num_qubits=3,num_modes=5,timesteps=5,cutoff=16,J=0.1,omega_r=1,omega_q=1,g=0.1,tau=0.1,75,7155.96,31.8155,7153.74,97013760
state_transfer_circuit,DVtoCV,qubits=4,cutoff=32,49,2640.22,24.1132,2638.3,97275904
vqe_circuit,qubits=5,qumodes=6,depth=2,cutoff=8,92,1266.51,3.14367,1263.48,97013760
jch_simulation_circuit,num_qubits=7,num_modes=4,timesteps=5,cutoff=16,J=0.1,omega_r=1,omega_q=1,g=0.1,tau=0.1,90,1397.62,12.6764,1394.87,97013760
vqe_circuit,qubits=6,qumodes=4,depth=2,cutoff=8,80,31353,557.701,31350.8,96751616
vqe_circuit,qubits=6,qumodes=5,depth=2,cutoff=8,94,47699.9,1109.55,47697.4,97013760
vqe_circuit,qubits=3,qumodes=3,depth=2,cutoff=8,36,6936.4,58.1452,6935.51,96751616
vqe_circuit,qubits=5,qumodes=5,depth=2,cutoff=8,80,171.663,4.35093,170.638,96751616
qft_circuit,n=2,a=1,append=0,cutoff=16,28,3900.85,203.255,3900.21,97013760
vqe_circuit,qubits=5,qumodes=4,depth=2,cutoff=4,68,159.68,4.46129,158.598,96751616
jch_simulation_circuit,num_qubits=7,num_modes=6,timesteps=5,cutoff=4,J=0.1,omega_r=1,omega_q=1,g=0.1,tau=0.1,120,237.573,4.30863,236.217,96489472
jch_simulation_circuit,num_qubits=10,num_modes=6,timesteps=5,cutoff=8,0,0,0,0,0,Failed to allocate GPU memory
jch_simulation_circuit,num_qubits=7,num_modes=5,timesteps=5,cutoff=16,J=0.1,omega_r=1,omega_q=1,g=0.1,tau=0.1,105,11438.5,61.3706,11433.5,97013760
vqe_circuit,qubits=3,qumodes=5,depth=2,cutoff=16,52,477.898,3.4136,476.039,97275904
gkp_state_circuit,num_qubits=1,num_qumodes=1,N_rounds=9,r=0.222,qumode_idx=0,cutoff=32,65,2134.2,148.785,2132.04,97013760
state_transfer_circuit,CVtoDV,qubits=8,cutoff=16,161,41412.1,313.798,41405.5,97013760
jch_simulation_circuit,num_qubits=4,num_modes=5,timesteps=5,cutoff=8,J=0.1,omega_r=1,omega_q=1,g=0.1,tau=0.1,85,755.855,11.1808,754.122,96489472
vqe_circuit,qubits=9,qumodes=5,depth=2,cutoff=16,136,59776.7,41.959,59767.6,97275904
jch_simulation_circuit,num_qubits=3,num_modes=4,timesteps=5,cutoff=8,J=0.1,omega_r=1,omega_q=1,g=0.1,tau=0.1,65,282.326,8.26654,281.117,96489472
jch_simulation_circuit,num_qubits=7,num_modes=6,timesteps=5,cutoff=8,J=0.1,omega_r=1,omega_q=1,g=0.1,tau=0.1,120,3970.77,4.17408,3966.41,96489472
vqe_circuit,qubits=10,qumodes=6,depth=2,cutoff=8,172,59638.9,55.7662,59631.3,96751616
qaoa_circuit,qumodes=8,layers=1,cutoff=32,24,0.191163,0.002907,0.01952,96751616
qaoa_circuit,qumodes=1,layers=1,cutoff=8,3,12.9191,5.1488,12.8679,96751616
jch_simulation_circuit,num_qubits=10,num_modes=3,timesteps=5,cutoff=8,J=0.1,omega_r=1,omega_q=1,g=0.1,tau=0.1,90,443.381,5.68171,441.807,96489472
vqe_circuit,qubits=5,qumodes=3,depth=2,cutoff=16,56,576.655,4.24197,575.083,97275904
vqe_circuit,qubits=8,qumodes=7,depth=2,cutoff=16,158,1.02241,0.000282,0.088425,97013760
jch_simulation_circuit,num_qubits=6,num_modes=6,timesteps=5,cutoff=4,J=0.1,omega_r=1,omega_q=1,g=0.1,tau=0.1,115,173.336,4.00921,171.953,96489472
jch_simulation_circuit,num_qubits=7,num_modes=4,timesteps=5,cutoff=8,J=0.1,omega_r=1,omega_q=1,g=0.1,tau=0.1,90,438.843,9.99771,437.489,96489472
jch_simulation_circuit,num_qubits=8,num_modes=5,timesteps=5,cutoff=8,J=0.1,omega_r=1,omega_q=1,g=0.1,tau=0.1,110,3507.4,18.3172,3503.99,96489472
qft_circuit,n=2,a=1,append=2,cutoff=4,40,177.752,4.37444,176.516,96489472
vqe_circuit,qubits=5,qumodes=3,depth=2,cutoff=8,56,3629,182.548,3627.71,96751616
vqe_circuit,qubits=6,qumodes=4,depth=2,cutoff=4,80,244.875,4.79187,243.608,96751616
gkp_state_circuit,num_qubits=1,num_qumodes=1,N_rounds=9,r=0.222,qumode_idx=0,cutoff=16,65,8213.21,24.1858,8211.39,97013760
state_transfer_circuit,DVtoCV,qubits=8,cutoff=4,161,698.88,4.36645,695.248,96751616
vqe_circuit,qubits=4,qumodes=6,depth=2,cutoff=8,76,2184.84,17.9934,2182.78,97013760
vqe_circuit,qubits=10,qumodes=4,depth=2,cutoff=4,128,103.587,4.25627,102.493,96751616
vqe_circuit,qubits=6,qumodes=6,depth=2,cutoff=8,108,5694.65,9.92028,5690.64,97013760
jch_simulation_circuit,num_qubits=4,num_modes=4,timesteps=5,cutoff=4,J=0.1,omega_r=1,omega_q=1,g=0.1,tau=0.1,75,337.79,4.38018,335.574,96489472
jch_simulation_circuit,num_qubits=3,num_modes=7,timesteps=5,cutoff=4,J=0.1,omega_r=1,omega_q=1,g=0.1,tau=0.1,95,242.381,3.80392,241.296,96489472
qft_circuit,n=2,a=1,append=0,cutoff=4,28,124.38,4.37695,123.403,96489472
vqe_circuit,num_qubits=7,num_modes=6,cutoff=16,0,0,0,0,0,Failed to allocate GPU memory
vqe_circuit,qubits=8,qumodes=7,depth=2,cutoff=4,158,1694.07,11.2986,1690.05,96751616
vqe_circuit,qubits=8,qumodes=3,depth=2,cutoff=4,86,99.7284,4.42963,98.8292,96751616
jch_simulation_circuit,num_qubits=10,num_modes=7,timesteps=5,cutoff=8,0,0,0,0,0,Failed to allocate GPU memory
jch_simulation_circuit,num_qubits=6,num_modes=7,timesteps=5,cutoff=4,J=0.1,omega_r=1,omega_q=1,g=0.1,tau=0.1,125,1184.12,4.61772,1181.47,96489472
vqe_circuit,qubits=9,qumodes=7,depth=2,cutoff=8,176,169152,133.148,169141,97013760
state_transfer_circuit,CVtoDV,qubits=2,cutoff=4,17,75.3017,4.36876,74.8417,96489472
vqe_circuit,qubits=7,qumodes=7,depth=2,cutoff=8,140,53841.8,62.8846,53834.2,96751616
jch_simulation_circuit,num_qubits=8,num_modes=7,timesteps=5,cutoff=16,J=0.1,omega_r=1,omega_q=1,g=0.1,tau=0.1,140,80.5713,0.005023,78.4917,97013760
vqe_circuit,qubits=5,qumodes=5,depth=2,cutoff=4,80,216.863,5.4465,215.769,96751616
vqe_circuit,qubits=6,qumodes=7,depth=2,cutoff=16,122,257.977,0.003004,255.677,96751616
jch_simulation_circuit,num_qubits=9,num_modes=4,timesteps=5,cutoff=8,J=0.1,omega_r=1,omega_q=1,g=0.1,tau=0.1,100,441.067,3.8704,439.088,96489472
vqe_circuit,qubits=8,qumodes=4,depth=2,cutoff=16,104,22099.8,569.742,22096,97275904
jch_simulation_circuit,num_qubits=3,num_modes=5,timesteps=5,cutoff=8,J=0.1,omega_r=1,omega_q=1,g=0.1,tau=0.1,75,124.849,3.77325,123.998,96489472
qaoa_circuit,qumodes=4,layers=1,cutoff=32,12,61.4646,3.4836,61.2942,96751616
state_transfer_circuit,CVtoDV,qubits=16,cutoff=16,577,151743,641.136,151725,97275904
state_transfer_circuit,DVtoCV,qubits=2,cutoff=4,17,84.1726,8.6282,83.6451,96489472
vqe_circuit,qubits=6,qumodes=7,depth=2,cutoff=8,122,94699.9,286.43,94691.9,96751616
jch_simulation_circuit,num_qubits=9,num_modes=4,timesteps=5,cutoff=16,J=0.1,omega_r=1,omega_q=1,g=0.1,tau=0.1,100,5193.34,22.8834,5189.38,97013760
vqe_circuit,qubits=10,qumodes=5,depth=2,cutoff=8,150,20806.8,42.9363,20801.5,96751616
jch_simulation_circuit,num_qubits=8,num_modes=4,timesteps=5,cutoff=4,J=0.1,omega_r=1,omega_q=1,g=0.1,tau=0.1,95,299.777,4.51188,298.405,96489472
shors_circuit,N=15,a=2,cutoff=4,166,4.42377,0.116361,3.17816,96751616
shors_circuit,N=15,a=2,cutoff=8,166,4.46234,0.025289,3.22846,97013760
shors_circuit,N=15,a=2,cutoff=16,166,4.5317,0.04322,3.27777,97013760